id_date,day,month,year,weekday
62328,13,6,2018,Miércoles
62330,2,7,2018,Lunes
62336,8,7,2018,Domingo
62726,1,7,2018,Domingo
62727,17,7,2018,Martes
63538,17,7,2018,Martes
63539,22,7,2018,Domingo
63540,12,7,2018,Jueves
66749,14,7,2018,Sábado
66750,14,7,2018,Sábado
66751,17,7,2018,Martes
66752,17,7,2018,Martes
66753,18,7,2018,Miércoles
66754,21,7,2018,Sábado
66755,23,7,2018,Lunes
66756,24,7,2018,Martes
66757,27,7,2018,Viernes
66759,27,7,2018,Viernes
66760,27,7,2018,Viernes
66761,28,7,2018,Sábado
67946,2,3,2018,Viernes
67949,2,5,2018,Miércoles
67950,15,5,2018,Martes
68342,22,5,2018,Martes
68343,1,6,2018,Viernes
68345,5,6,2018,Martes
68353,31,12,1969,Miércoles
68356,22,7,2018,Domingo
68358,31,7,2018,Martes
70772,20,7,2018,Viernes
71569,4,7,2018,Miércoles
71570,8,7,2018,Domingo
71571,10,7,2018,Martes
74373,3,7,2018,Martes
74374,7,7,2018,Sábado
74375,24,7,2018,Martes
74376,25,7,2018,Miércoles
74377,28,7,2018,Sábado
75584,1,8,2018,Miércoles
75586,30,8,2018,Jueves
75589,31,8,2018,Viernes
75979,5,8,2018,Domingo
75980,8,8,2018,Miércoles
75982,11,8,2018,Sábado
75984,13,8,2018,Lunes
75986,14,8,2018,Martes
75987,15,8,2018,Miércoles
75988,16,8,2018,Jueves
75989,18,8,2018,Sábado
75990,22,8,2018,Miércoles
76391,25,8,2018,Sábado
76398,18,8,2018,Sábado
76793,1,8,2018,Miércoles
77588,13,8,2018,Lunes
77589,18,8,2018,Sábado
77590,20,8,2018,Lunes
77591,15,8,2018,Miércoles
77592,10,8,2018,Viernes
83998,6,8,2018,Lunes
83999,21,8,2018,Martes
93601,2,8,2018,Jueves
93602,7,8,2018,Martes
93603,9,8,2018,Jueves
93604,16,8,2018,Jueves
94003,19,8,2018,Domingo
94005,20,8,2018,Lunes
94007,31,8,2018,Viernes
94008,31,8,2018,Viernes
95973,13,5,2017,sabado
95974,4,6,2017,domingo
95975,29,6,2017,jueves
95976,12,7,2017,miercoles
95977,20,8,2017,domingo
95978,30,8,2017,miercoles
95979,3,9,2017,domingo
95980,4,9,2017,lunes
95981,6,9,2017,miercoles
95982,18,8,2017,viernes
95983,19,8,2017,sabado
95984,1,10,2017,domingo
95985,22,9,2017,viernes
95986,30,11,2017,jueves
95987,1,12,2017,viernes
95988,15,11,2017,miercoles
95989,11,10,2017,miercoles
95990,11,12,2017,lunes
95991,15,12,2017,viernes
95992,16,12,2017,sabado
95993,25,12,2017,lunes
95999,20,5,2017,sabado
96000,19,8,2017,sabado
96001,8,9,2017,viernes
96002,22,7,2017,sabado
96007,18,8,2017,viernes
96008,20,8,2017,domingo
96015,15,9,2017,viernes
96016,11,10,2017,miercoles
96024,30,11,2017,jueves
96025,16,11,2017,jueves
96031,26,12,2017,martes
96044,10,1,2018,miercoles
96053,2,1,2018,martes
96054,23,1,2018,martes
96055,8,2,2018,jueves
96234,21,3,2018,miercoles
96235,28,3,2018,miercoles
96238,1,12,2016,jueves
96241,12,12,2016,lunes
96242,21,12,2016,miercoles
96243,2,1,2017,lunes
96244,6,1,2017,viernes
96245,20,2,2017,lunes
96246,22,2,2017,miercoles
96247,8,3,2017,miercoles
96248,23,3,2017,jueves
96249,7,4,2017,viernes
96250,2,1,2017,lunes
96251,7,4,2017,viernes
96252,12,5,2017,viernes
96253,9,6,2017,viernes
96254,9,6,2017,viernes
96255,23,6,2017,viernes
96264,21,7,2017,viernes
96265,2,4,2017,domingo
96266,7,4,2017,viernes
96267,16,4,2017,domingo
96268,24,4,2017,lunes
96269,13,4,2017,jueves
96270,1,5,2017,lunes
96271,8,5,2017,lunes
96272,5,5,2017,viernes
96273,19,5,2017,viernes
96274,19,5,2017,viernes
96275,28,5,2017,domingo
96276,26,5,2017,viernes
96277,27,6,2017,martes
96278,17,6,2017,sabado
96279,6,6,2017,martes
96280,29,6,2017,jueves
96281,29,6,2017,jueves
96282,6,6,2017,martes
96283,6,7,2017,jueves
96284,7,7,2017,viernes
96285,10,7,2017,lunes
96286,15,7,2017,sabado
96287,17,8,2017,jueves
96288,18,8,2017,viernes
96289,21,8,2017,lunes
96290,24,8,2017,jueves
96291,1,9,2017,viernes
96292,4,9,2017,lunes
96293,6,9,2017,miercoles
96294,13,9,2017,miercoles
96295,20,9,2017,miercoles
96296,7,10,2017,sabado
96297,21,10,2017,sabado
96298,16,10,2017,lunes
96299,12,10,2017,jueves
96300,1,10,2017,domingo
96301,16,10,2017,lunes
96302,5,11,2017,domingo
96303,9,11,2017,jueves
96304,12,11,2017,domingo
96305,13,11,2017,lunes
96306,21,11,2017,martes
96307,3,12,2017,domingo
96308,7,12,2017,jueves
96309,8,12,2017,viernes
96310,10,12,2017,domingo
96311,27,12,2017,miercoles
96312,27,12,2017,miercoles
96313,1,1,2018,lunes
96314,6,1,2018,sabado
96315,9,1,2018,martes
96316,10,1,2018,miercoles
96317,11,1,2018,jueves
96318,17,1,2018,miercoles
96319,21,1,2018,domingo
96320,3,2,2018,sabado
96321,5,2,2018,lunes
96322,7,2,2018,miercoles
96323,15,2,2018,jueves
96324,17,2,2018,sabado
96325,25,2,2018,domingo
96326,15,3,2018,jueves
96327,20,3,2018,martes
96328,29,3,2018,jueves
96445,16,5,2017,martes
96446,30,12,2016,viernes
96447,17,1,2017,martes
96448,9,2,2017,jueves
96449,17,2,2017,viernes
96450,24,2,2017,viernes
96451,29,3,2017,miercoles
96699,12,2,2018,lunes
96700,20,2,2018,martes
96701,21,3,2018,miercoles
96702,27,8,2017,domingo
96703,28,8,2017,lunes
96704,20,11,2017,lunes
96705,29,11,2017,miercoles
96706,6,12,2017,miercoles
96707,6,12,2017,miercoles
96708,10,1,2018,miercoles
96709,1,1,2018,lunes
96710,2,1,2018,martes
96711,16,2,2018,viernes
96712,14,3,2018,miercoles
96713,7,1,2018,domingo
96714,16,4,2017,domingo
96715,12,5,2017,viernes
96716,18,5,2017,jueves
96717,24,5,2017,miercoles
96718,7,6,2017,miercoles
96719,27,6,2017,martes
96720,15,7,2017,sabado
96721,17,7,2017,lunes
96722,17,7,2017,lunes
96723,1,8,2017,martes
96724,21,8,2017,lunes
96725,2,8,2017,miercoles
96726,14,8,2017,lunes
96727,22,9,2017,viernes
96728,22,9,2017,viernes
96729,11,10,2017,miercoles
96730,15,10,2017,domingo
96731,7,10,2017,sabado
96732,8,11,2017,miercoles
96733,28,11,2017,martes
96734,6,12,2017,miercoles
96735,10,12,2017,domingo
96736,17,12,2017,domingo
96737,6,12,2017,miercoles
96738,3,12,2017,domingo
96739,7,12,2017,jueves
96740,11,12,2017,lunes
96741,31,12,2017,domingo
96742,13,1,2018,sabado
96743,13,1,2018,sabado
96744,4,1,2018,jueves
96745,18,1,2018,jueves
96746,26,1,2018,viernes
96747,4,2,2018,domingo
96748,19,2,2018,lunes
96749,1,3,2018,jueves
96750,5,3,2018,lunes
96751,9,3,2018,viernes
96752,17,3,2018,sabado
96753,17,3,2018,sabado
96754,17,3,2018,sabado
96755,17,3,2018,sabado
96756,31,3,2018,sabado
96757,6,4,2017,jueves
96758,28,4,2017,viernes
96759,5,10,2017,jueves
96760,6,10,2017,viernes
96761,31,1,2018,miercoles
96762,20,2,2018,martes
96763,25,3,2018,domingo
96764,13,10,2017,viernes
96765,15,10,2017,domingo
96766,19,10,2017,jueves
96767,4,11,2017,sabado
96768,8,11,2017,miercoles
96769,28,11,2017,martes
96770,13,12,2017,miercoles
96771,16,1,2018,martes
96772,31,1,2018,miercoles
96773,11,2,2018,domingo
97056,9,11,2017,jueves
97057,23,11,2017,jueves
97058,12,3,2018,lunes
97059,5,9,2017,martes
97060,18,12,2017,lunes
97061,22,1,2018,lunes
97064,26,10,2017,jueves
97065,6,11,2017,lunes
97066,14,11,2017,martes
97067,7,12,2017,jueves
97068,21,12,2017,jueves
97069,7,2,2018,miercoles
97188,16,3,2018,viernes
97189,21,12,2016,miercoles
97190,30,1,2017,lunes
97191,30,1,2017,lunes
97192,16,11,2017,jueves
97193,3,3,2018,sabado
97194,5,3,2018,lunes
97195,17,3,2018,sabado
97196,18,3,2018,domingo
97197,20,12,2016,martes
97198,17,1,2017,martes
97199,17,1,2017,martes
97200,4,5,2017,jueves
97201,8,6,2017,jueves
97202,25,4,2017,martes
97203,11,12,2016,domingo
97204,25,12,2016,domingo
97205,31,12,2016,sabado
97206,1,1,2017,domingo
97207,5,1,2017,jueves
97208,9,1,2017,lunes
97209,9,1,2017,lunes
97210,11,1,2017,miercoles
97211,17,1,2017,martes
97212,7,1,2017,sabado
97213,7,1,2017,sabado
97214,8,1,2017,domingo
97215,8,1,2017,domingo
97216,10,1,2017,martes
97217,18,1,2017,miercoles
97218,19,1,2017,jueves
97219,20,1,2017,viernes
97220,12,4,2017,miercoles
97221,13,4,2017,jueves
97222,13,4,2017,jueves
97223,1,1,2017,domingo
97224,18,2,2017,sabado
97225,7,4,2017,viernes
97226,5,5,2017,viernes
97227,12,5,2017,viernes
97228,14,5,2017,domingo
97229,1,6,2017,jueves
97230,9,6,2017,viernes
97231,14,6,2017,miercoles
97232,23,6,2017,viernes
97233,24,6,2017,sabado
97234,31,12,1969,martes
97235,24,6,2017,sabado
97236,28,6,2017,miercoles
97237,4,6,2017,domingo
97238,4,7,2017,martes
97239,5,7,2017,miercoles
97240,8,7,2017,sabado
97241,10,7,2017,lunes
97242,15,7,2017,sabado
97243,20,7,2017,jueves
97244,23,7,2017,domingo
97245,11,7,2017,martes
97246,26,7,2017,miercoles
97247,30,7,2017,domingo
97248,12,8,2017,sabado
97249,15,8,2017,martes
97250,18,8,2017,viernes
97251,20,8,2017,domingo
97252,17,8,2017,jueves
97253,30,8,2017,miercoles
97254,2,9,2017,sabado
97255,4,9,2017,lunes
97256,5,9,2017,martes
97257,6,8,2017,domingo
97258,8,9,2017,viernes
97259,8,9,2017,viernes
97260,8,9,2017,viernes
97261,13,9,2017,miercoles
97262,15,9,2017,viernes
97263,16,9,2017,sabado
97264,18,9,2017,lunes
97265,20,9,2017,miercoles
97266,30,9,2017,sabado
97267,11,10,2017,miercoles
97268,12,10,2017,jueves
97269,27,10,2017,viernes
97270,29,10,2017,domingo
97271,6,10,2017,viernes
97272,8,10,2017,domingo
97273,21,10,2017,sabado
97274,15,10,2017,domingo
97275,1,11,2017,miercoles
97276,3,11,2017,viernes
97277,6,11,2017,lunes
97278,14,11,2017,martes
97279,14,11,2017,martes
97280,12,11,2017,domingo
97281,15,11,2017,miercoles
97282,15,11,2017,miercoles
97283,5,11,2017,domingo
97284,10,11,2017,viernes
97285,17,11,2017,viernes
97286,25,11,2017,sabado
97287,30,11,2017,jueves
97288,12,11,2017,domingo
97289,6,12,2017,miercoles
97290,12,12,2017,martes
97291,20,12,2017,miercoles
97292,22,12,2017,viernes
97293,24,12,2017,domingo
97294,26,12,2017,martes
97295,27,12,2017,miercoles
97296,27,12,2017,miercoles
97297,28,12,2017,jueves
97298,28,12,2017,jueves
97299,29,12,2017,viernes
97300,30,12,2017,sabado
97301,22,12,2017,viernes
97302,1,1,2018,lunes
97303,2,1,2018,martes
97304,3,1,2018,miercoles
97305,8,1,2018,lunes
97306,8,1,2018,lunes
97307,8,1,2018,lunes
97308,9,1,2018,martes
97309,13,1,2018,sabado
97310,28,1,2018,domingo
97311,29,1,2018,lunes
97312,2,1,2018,martes
97313,6,1,2018,sabado
97314,29,1,2018,lunes
97315,2,2,2018,viernes
97316,25,2,2018,domingo
97317,10,2,2018,sabado
97318,17,2,2018,sabado
97319,15,2,2018,jueves
97320,5,3,2018,lunes
97321,23,3,2018,viernes
97322,23,3,2018,viernes
97323,2,3,2018,viernes
97324,4,3,2018,domingo
97325,10,3,2018,sabado
97326,18,3,2018,domingo
97327,22,3,2018,jueves
97328,31,3,2018,sabado
97533,8,1,2018,lunes
97475,12,12,2017,martes
97476,2,10,2017,lunes
97477,3,10,2017,martes
97478,6,10,2017,viernes
97479,7,10,2017,sabado
97480,10,10,2017,martes
97481,12,10,2017,jueves
97482,15,10,2017,domingo
97483,16,10,2017,lunes
97484,17,10,2017,martes
97485,22,10,2017,domingo
97486,25,10,2017,miercoles
97487,27,10,2017,viernes
97488,29,10,2017,domingo
97489,29,10,2017,domingo
97490,29,10,2017,domingo
97491,31,10,2017,martes
97492,3,11,2017,viernes
97493,4,11,2017,sabado
97494,4,11,2017,sabado
97495,8,11,2017,miercoles
97496,8,11,2017,miercoles
97497,9,11,2017,jueves
97498,10,11,2017,viernes
97499,11,11,2017,sabado
97500,11,11,2017,sabado
97501,12,11,2017,domingo
97502,15,11,2017,miercoles
97503,18,11,2017,sabado
97504,19,11,2017,domingo
97505,22,11,2017,miercoles
97506,25,11,2017,sabado
97507,23,11,2017,jueves
97508,28,11,2017,martes
97509,29,11,2017,miercoles
97510,29,11,2017,miercoles
97511,30,11,2017,jueves
97512,3,12,2017,domingo
97513,4,12,2017,lunes
97514,8,12,2017,viernes
97515,10,12,2017,domingo
97516,12,12,2017,martes
97517,15,12,2017,viernes
97518,18,12,2017,lunes
97519,19,12,2017,martes
97520,19,12,2017,martes
97521,20,12,2017,miercoles
97522,22,12,2017,viernes
97523,22,12,2017,viernes
97524,25,12,2017,lunes
97525,28,12,2017,jueves
97526,29,12,2017,viernes
97527,2,1,2018,martes
97528,5,1,2018,viernes
97529,6,1,2018,sabado
97530,6,1,2018,sabado
97531,6,1,2018,sabado
97532,8,2,2018,jueves
97534,10,1,2018,miercoles
97535,12,1,2018,viernes
97536,14,1,2018,domingo
97537,18,1,2018,jueves
97538,14,3,2018,miercoles
97539,18,3,2018,domingo
97540,18,3,2018,domingo
97541,21,3,2018,miercoles
97542,25,3,2018,domingo
97626,21,1,2017,sabado
97627,23,1,2017,lunes
97628,31,12,1969,miercoles
97629,19,2,2017,domingo
97630,28,2,2017,martes
97631,11,3,2017,sabado
97632,18,3,2017,sabado
97633,26,3,2017,domingo
97634,7,4,2017,viernes
97635,11,4,2017,martes
97636,12,4,2017,miercoles
97637,13,4,2017,jueves
97638,18,4,2017,martes
97639,25,4,2017,martes
97640,30,4,2017,domingo
97641,24,1,2017,martes
97642,27,1,2017,viernes
97643,11,4,2017,martes
97955,23,1,2018,martes
97956,28,1,2018,domingo
97957,29,1,2018,lunes
97958,24,2,2018,sabado
97959,24,2,2018,sabado
97960,3,3,2018,sabado
97961,5,3,2018,lunes
97962,6,3,2018,martes
97963,15,3,2018,jueves
97964,17,3,2018,sabado
97965,17,3,2018,sabado
97966,19,3,2018,lunes
97967,26,3,2018,lunes
97968,26,3,2018,lunes
97969,28,3,2018,miercoles
97970,29,3,2018,jueves
97971,31,3,2018,sabado
97972,2,2,2018,viernes
97973,9,2,2018,viernes
97974,10,2,2018,sabado
97975,15,2,2018,jueves
97976,7,3,2018,miercoles
101910,14,6,2018,Jueves
101913,11,6,2018,Lunes
101914,1,4,2018,Domingo
101915,7,4,2018,Sábado
101916,7,4,2018,Sábado
101917,7,4,2018,Sábado
101918,8,4,2018,Domingo
101919,9,4,2018,Lunes
101920,19,4,2018,Jueves
101922,19,4,2018,Jueves
101923,22,4,2018,Domingo
101925,22,4,2018,Domingo
101927,5,5,2018,Sábado
101928,5,5,2018,Sábado
101930,9,5,2018,Miércoles
101931,5,5,2018,Sábado
101933,12,5,2018,Sábado
101935,12,5,2018,Sábado
101937,15,5,2018,Martes
101940,18,5,2018,Viernes
101941,18,5,2018,Viernes
101943,21,5,2018,Lunes
101945,15,6,2018,Viernes
101947,22,5,2018,Martes
101948,31,5,2018,Jueves
101951,5,6,2018,Martes
101952,6,6,2018,Miércoles
101954,7,6,2018,Jueves
101956,8,6,2018,Viernes
106101,13,9,2018,Jueves
101958,9,6,2018,Sábado
101961,15,6,2018,Viernes
101964,15,6,2018,Viernes
101967,20,6,2018,Miércoles
101969,22,6,2018,Viernes
101970,23,6,2018,Sábado
101971,26,6,2018,Martes
101972,28,6,2018,Jueves
101974,28,6,2018,Jueves
103290,3,9,2018,Lunes
106100,11,9,2018,Martes
103291,4,9,2018,Martes
103292,6,9,2018,Jueves
103293,13,9,2018,Jueves
103294,22,9,2018,Sábado
103295,23,10,2018,Martes
106095,3,9,2018,Lunes
106096,4,9,2018,Martes
106097,6,9,2018,Jueves
106098,7,9,2018,Viernes
106099,7,9,2018,Viernes
106102,15,9,2018,Sábado
106103,16,9,2018,Domingo
106104,22,9,2018,Sábado
106110,24,9,2018,Lunes
106495,24,9,2018,Lunes
107701,9,10,2018,Martes
108895,9,10,2018,Martes
108896,27,9,2018,Jueves
108897,24,9,2018,Lunes
112100,5,9,2018,Miércoles
112101,7,9,2018,Viernes
112102,1,9,2018,Sábado
112103,9,9,2018,Domingo
112104,11,9,2018,Martes
112105,12,9,2018,Miércoles
112106,12,9,2018,Miércoles
112107,15,9,2018,Sábado
112108,18,9,2018,Martes
112109,20,9,2018,Jueves
112110,21,9,2018,Viernes
112111,21,9,2018,Viernes
112112,22,9,2018,Sábado
112113,22,9,2018,Sábado
112114,27,9,2018,Jueves
112115,28,9,2018,Viernes
112116,30,9,2018,Domingo
116112,2,10,2018,Martes
116500,1,10,2018,Lunes
116501,12,10,2018,Viernes
116503,13,10,2018,Sábado
116505,14,10,2018,Domingo
116506,17,10,2018,Miércoles
116508,19,10,2018,Viernes
116509,20,10,2018,Sábado
116511,23,10,2018,Martes
120932,2,10,2018,Martes
120933,7,10,2018,Domingo
120934,18,10,2018,Jueves
120935,18,10,2018,Jueves
120936,20,10,2018,Sábado
120937,21,10,2018,Domingo
120938,4,10,2018,Jueves
121308,18,10,2018,Jueves
122115,4,10,2018,Jueves
122116,6,10,2018,Sábado
122117,8,10,2018,Lunes
122121,12,10,2018,Viernes
122124,13,10,2018,Sábado
122125,24,10,2018,Miércoles
122126,29,10,2018,Lunes
122521,3,10,2018,Miércoles
122527,3,10,2018,Miércoles
122916,9,10,2018,Martes
135323,14,11,2018,Miércoles
135324,16,11,2018,Viernes
135325,17,11,2018,Sábado
135326,22,11,2018,Jueves
135327,23,11,2018,Viernes
135328,3,12,2018,Lunes
136117,29,11,2018,Jueves
138138,13,10,2018,Sábado
138140,30,10,2018,Martes
138536,10,12,2018,Lunes
139336,8,11,2018,Jueves
139337,9,11,2018,Viernes
139338,9,11,2018,Viernes
139339,11,11,2018,Domingo
139340,15,11,2018,Jueves
139747,17,11,2018,Sábado
139748,21,11,2018,Miércoles
139749,4,11,2018,Domingo
139750,23,11,2018,Viernes
139751,15,11,2018,Jueves
139752,9,11,2018,Viernes
139753,24,11,2018,Sábado
140141,23,11,2018,Viernes
140142,23,11,2018,Viernes
140143,24,11,2018,Sábado
140144,25,11,2018,Domingo
140145,26,11,2018,Lunes
140146,27,11,2018,Martes
140147,28,11,2018,Miércoles
140948,4,12,2018,Martes
140949,25,12,2018,Martes
140950,26,12,2018,Miércoles
140951,28,12,2018,Viernes
140952,30,12,2018,Domingo
141348,6,12,2018,Jueves
141349,7,12,2018,Viernes
141350,9,12,2018,Domingo
141351,21,12,2018,Viernes
142551,1,12,2018,Sábado
142552,2,12,2018,Domingo
142553,7,12,2018,Viernes
142554,8,12,2018,Sábado
142555,23,12,2018,Domingo
142556,23,12,2018,Domingo
142557,26,1,2019,Sábado
142558,18,12,2018,Martes
142559,22,12,2018,Sábado
142948,22,12,2018,Sábado
142949,23,12,2018,Domingo
142950,26,12,2018,Miércoles
142951,13,9,2018,Jueves
142952,13,9,2018,Jueves
142953,26,10,2018,Viernes
142954,10,10,2018,Miércoles
142955,11,10,2018,Jueves
142956,3,12,2018,Lunes
143348,1,12,2018,Sábado
143349,20,12,2018,Jueves
143350,20,12,2018,Jueves
143351,22,12,2018,Sábado
143748,15,12,2018,Sábado
143749,15,12,2018,Sábado
144548,15,12,2018,Sábado
144549,19,12,2018,Miércoles
147749,1,1,2019,Martes
147750,5,1,2019,Sábado
148149,6,1,2019,Domingo
148150,10,1,2019,Jueves
148151,11,1,2019,Viernes
148152,13,1,2019,Domingo
148153,13,1,2019,Domingo
148154,15,1,2019,Martes
148155,13,2,2019,Miércoles
148156,18,1,2019,Viernes
148157,20,1,2019,Domingo
148158,25,1,2019,Viernes
148159,25,1,2019,Viernes
148160,28,1,2019,Lunes
148161,28,1,2019,Lunes
148162,1,1,2019,Martes
150149,7,1,2019,Lunes
150150,7,1,2019,Lunes
150151,7,1,2019,Lunes
150152,8,1,2019,Martes
150153,17,1,2019,Jueves
150154,18,1,2019,Viernes
150155,27,1,2019,Domingo
151349,1,1,2019,Martes
151350,1,1,2019,Martes
151351,1,1,2019,Martes
151352,3,1,2019,Jueves
151353,3,1,2019,Jueves
151354,3,1,2019,Jueves
151355,4,1,2019,Viernes
151356,9,1,2019,Miércoles
151357,16,1,2019,Miércoles
151358,27,1,2019,Domingo
151359,30,1,2019,Miércoles
154951,1,2,2019,Viernes
154952,3,2,2019,Domingo
154953,5,2,2019,Martes
154954,7,2,2019,Jueves
154955,10,2,2019,Domingo
154956,17,2,2019,Domingo
154957,19,2,2019,Martes
154958,20,2,2019,Miércoles
154959,21,2,2019,Jueves
154961,28,2,2019,Jueves
158549,26,1,2019,Sábado
158550,11,2,2019,Lunes
158551,25,2,2019,Lunes
158552,28,2,2019,Jueves
159355,16,3,2019,Sábado
160154,1,2,2019,Viernes
160155,2,2,2019,Sábado
160549,9,2,2019,Sábado
160550,10,2,2019,Domingo
160986,10,2,2019,Domingo
160989,12,2,2019,Martes
160993,13,2,2019,Miércoles
160995,16,2,2019,Sábado
160997,17,2,2019,Domingo
160999,18,2,2019,Lunes
161000,24,2,2019,Domingo
161001,26,2,2019,Martes
166950,8,2,2019,Viernes
166951,8,2,2019,Viernes
166952,10,2,2019,Domingo
166953,1,2,2019,Viernes
166954,12,2,2019,Martes
166956,14,3,2019,Jueves
166957,14,3,2019,Jueves
166958,24,3,2019,Domingo
171350,2,3,2019,Sábado
171351,5,3,2019,Martes
171352,7,3,2019,Jueves
171353,8,3,2019,Viernes
171354,10,3,2019,Domingo
171355,10,3,2019,Domingo
171356,10,3,2019,Domingo
171750,10,3,2019,Domingo
171752,11,3,2019,Lunes
171753,13,3,2019,Miércoles
171755,14,3,2019,Jueves
171757,21,3,2019,Jueves
171758,22,3,2019,Viernes
171759,22,3,2019,Viernes
171773,28,3,2019,Jueves
172202,24,3,2019,Domingo
172204,29,3,2019,Viernes
172215,11,3,2019,Lunes
172217,16,3,2019,Sábado
172218,17,3,2019,Domingo
172219,19,3,2019,Martes
172562,23,3,2019,Sábado
172564,24,3,2019,Domingo
172961,25,3,2019,Lunes
172962,25,3,2019,Lunes
172963,26,3,2019,Martes
176973,17,4,2019,Miércoles
176968,8,4,2019,Lunes
176969,13,4,2019,Sábado
176970,13,4,2019,Sábado
176971,14,4,2019,Domingo
176972,15,4,2019,Lunes
176974,17,4,2019,Miércoles
176975,17,4,2019,Miércoles
176976,20,4,2019,Sábado
176977,21,4,2019,Domingo
176978,21,4,2019,Domingo
176979,22,4,2019,Lunes
176980,23,4,2019,Martes
177360,2,4,2019,Martes
177361,7,4,2019,Domingo
177362,8,4,2019,Lunes
177364,18,4,2019,Jueves
177366,19,4,2019,Viernes
177367,19,4,2019,Viernes
177385,21,4,2019,Domingo
177386,21,4,2019,Domingo
177387,26,4,2019,Viernes
179364,15,4,2019,Lunes
179365,16,4,2019,Martes
179366,27,4,2019,Sábado
179367,9,5,2019,Jueves
179781,1,4,2019,Lunes
179782,12,4,2019,Viernes
179783,8,4,2019,Lunes
179784,20,4,2019,Sábado
181760,22,5,2019,Miércoles
185361,1,5,2019,Miércoles
185761,3,5,2019,Viernes
185762,10,5,2019,Viernes
185763,11,5,2019,Sábado
185764,17,5,2019,Viernes
185765,20,5,2019,Lunes
185766,23,5,2019,Jueves
185767,24,5,2019,Viernes
186563,10,5,2019,Viernes
186564,11,5,2019,Sábado
186565,11,5,2019,Sábado
186566,12,5,2019,Domingo
187361,22,6,2019,Sábado
187782,1,6,2019,Sábado
187783,3,6,2019,Lunes
187784,31,5,2019,Viernes
188962,10,6,2019,Lunes
188963,12,6,2019,Miércoles
188964,12,6,2019,Miércoles
192167,13,5,2019,Lunes
192168,16,5,2019,Jueves
192169,17,6,2019,Lunes
192170,18,5,2019,Sábado
192171,18,5,2019,Sábado
192172,24,5,2019,Viernes
192173,24,5,2019,Viernes
192174,27,5,2019,Lunes
192175,1,6,2019,Sábado
192176,9,6,2019,Domingo
192177,14,6,2019,Viernes
192961,19,6,2019,Miércoles
192962,19,6,2019,Miércoles
192966,19,6,2019,Miércoles
192967,20,6,2019,Jueves
192968,22,6,2019,Sábado
192969,25,6,2019,Martes
192970,26,6,2019,Miércoles
192971,28,6,2019,Viernes
192972,28,6,2019,Viernes
192973,28,6,2019,Viernes
192974,28,6,2019,Viernes
193362,16,6,2019,Domingo
193363,21,6,2019,Viernes
193364,22,6,2019,Sábado
193365,23,6,2019,Domingo
193366,26,6,2019,Miércoles
193367,26,6,2019,Miércoles
193369,28,6,2019,Viernes
193370,28,6,2019,Viernes
193375,20,6,2019,Jueves
193377,22,6,2019,Sábado
193762,21,6,2019,Viernes
193763,22,6,2019,Sábado
193764,24,6,2019,Lunes
193765,24,6,2019,Lunes
193766,30,6,2019,Domingo
194961,29,6,2019,Sábado
194962,18,6,2019,Martes
195761,26,6,2019,Miércoles
195762,28,6,2019,Viernes
199361,19,7,2019,Viernes
199362,12,8,2019,Lunes
200563,1,7,2019,Lunes
200567,7,7,2019,Domingo
200962,12,7,2019,Viernes
200963,13,7,2019,Sábado
200964,22,7,2019,Lunes
200967,29,7,2019,Lunes
201361,1,7,2019,Lunes
201362,1,7,2019,Lunes
201363,7,7,2019,Domingo
201364,9,7,2019,Martes
201365,9,7,2019,Martes
201367,9,7,2019,Martes
201368,10,7,2019,Miércoles
201369,10,7,2019,Miércoles
201370,11,7,2019,Jueves
201371,12,7,2019,Viernes
201372,13,7,2019,Sábado
201373,13,7,2019,Sábado
201374,15,7,2019,Lunes
201375,17,7,2019,Miércoles
201376,18,7,2019,Jueves
201377,19,7,2019,Viernes
201378,20,7,2019,Sábado
201379,20,7,2019,Sábado
201380,22,7,2019,Lunes
201381,20,7,2019,Sábado
201382,7,7,2019,Domingo
210570,12,9,2019,Jueves
212569,1,8,2019,Jueves
214175,29,8,2019,Jueves
214172,2,8,2019,Viernes
214174,26,8,2019,Lunes
214202,6,8,2019,Martes
214569,3,8,2019,Sábado
214571,3,8,2019,Sábado
214573,3,8,2019,Sábado
214574,8,8,2019,Jueves
214575,14,8,2019,Miércoles
214576,14,8,2019,Miércoles
214581,16,8,2019,Viernes
214582,17,8,2019,Sábado
214584,20,8,2019,Martes
214585,21,8,2019,Miércoles
214587,21,8,2019,Miércoles
214589,22,8,2019,Jueves
214591,24,8,2019,Sábado
214593,25,8,2019,Domingo
214596,29,8,2019,Jueves
214597,29,8,2019,Jueves
217779,31,8,2019,Sábado
217780,31,8,2019,Sábado
230607,2,9,2019,Lunes
230604,1,9,2019,Domingo
230605,2,9,2019,Lunes
230610,9,9,2019,Lunes
230612,9,9,2019,Lunes
230613,14,9,2019,Sábado
230614,14,9,2019,Sábado
230615,18,9,2019,Miércoles
230616,18,9,2019,Miércoles
230617,19,9,2019,Jueves
230618,20,9,2019,Viernes
230619,21,9,2019,Sábado
230622,22,9,2019,Domingo
230625,30,9,2019,Lunes
230627,25,9,2019,Miércoles
241854,8,10,2019,Martes
241855,8,10,2019,Martes
241856,13,10,2019,Domingo
241857,27,11,2019,Miércoles
241858,29,10,2019,Martes
241859,30,10,2019,Miércoles
242254,11,10,2019,Viernes
242255,15,10,2019,Martes
242256,19,10,2019,Sábado
247054,21,9,2019,Sábado
247055,29,10,2019,Martes
257467,2,11,2019,Sábado
257468,2,11,2019,Sábado
257469,9,11,2019,Sábado
257470,10,11,2019,Domingo
257471,10,11,2019,Domingo
257472,29,11,2019,Viernes
257473,29,11,2019,Viernes
257474,30,11,2019,Sábado
259875,19,7,2019,Viernes
259876,23,8,2020,Domingo
259877,20,9,2020,Domingo
259878,19,10,2020,Lunes
259879,8,11,2020,Domingo
259880,14,11,2020,Sábado
259881,16,11,2020,Lunes
261472,21,11,2019,Jueves
261473,8,11,2019,Viernes
261474,9,11,2019,Sábado
261475,9,11,2019,Sábado
261476,9,11,2019,Sábado
261867,10,11,2019,Domingo
261868,13,11,2019,Miércoles
261869,11,11,2019,Lunes
261870,3,11,2019,Domingo
263071,2,12,2019,Lunes
263072,3,12,2019,Martes
263073,7,12,2019,Sábado
263074,7,12,2019,Sábado
263075,7,12,2019,Sábado
263076,12,12,2019,Jueves
263077,14,12,2019,Sábado
263078,14,12,2019,Sábado
263079,16,12,2019,Lunes
263080,17,12,2019,Martes
263081,17,12,2019,Martes
263082,19,12,2019,Jueves
263083,21,12,2019,Sábado
263467,22,12,2019,Domingo
263468,27,12,2019,Viernes
263469,29,12,2019,Domingo
267867,7,12,2019,Sábado
269090,1,12,2019,Domingo
269093,3,12,2019,Martes
269094,17,12,2019,Martes
269095,22,12,2019,Domingo
269096,29,12,2019,Domingo
269097,30,12,2019,Lunes
271887,5,1,2020,Domingo
271888,5,1,2020,Domingo
271889,6,1,2020,Lunes
271890,6,1,2020,Lunes
271891,7,1,2020,Martes
271892,7,1,2020,Martes
271893,12,1,2020,Domingo
271894,12,1,2020,Domingo
271895,17,1,2020,Viernes
271896,19,1,2020,Domingo
271897,19,1,2020,Domingo
271898,21,1,2020,Martes
271899,23,1,2020,Jueves
271900,23,1,2020,Jueves
271901,24,1,2020,Viernes
271902,24,1,2020,Viernes
271903,30,1,2020,Jueves
271904,30,1,2020,Jueves
272269,1,2,2020,Sábado
272270,1,2,2020,Sábado
272272,3,2,2020,Lunes
272273,5,2,2020,Miércoles
272276,7,2,2020,Viernes
272278,8,2,2020,Sábado
272280,9,2,2020,Domingo
272284,9,2,2020,Domingo
272669,14,2,2020,Viernes
272671,17,2,2020,Lunes
272674,23,2,2020,Domingo
281868,27,1,2020,Lunes
282280,7,1,2020,Martes
282667,7,1,2020,Martes
282668,4,2,2020,Martes
284667,10,1,2020,Viernes
284668,1,2,2020,Sábado
284669,5,2,2020,Miércoles
284670,13,2,2020,Jueves
284671,1,3,2020,Domingo
284672,16,3,2020,Lunes
285487,12,3,2020,Jueves
285489,2,2,2020,Domingo
285490,21,2,2020,Viernes
285491,21,2,2020,Viernes
286277,8,3,2020,Domingo
286278,28,3,2020,Sábado
286279,16,3,2020,Lunes
286667,2,2,2020,Domingo
286668,7,2,2020,Viernes
286671,10,1,2020,Viernes
286672,20,1,2020,Lunes
286673,17,2,2020,Lunes
286674,17,2,2020,Lunes
287067,5,1,2020,Domingo
287068,19,1,2020,Domingo
287069,3,1,2020,Viernes
287070,26,1,2020,Domingo
289070,16,3,2020,Lunes
289071,30,3,2020,Lunes
289072,14,3,2020,Sábado
295067,5,3,2020,Jueves
295068,6,3,2020,Viernes
295069,18,3,2020,Miércoles
296267,2,3,2020,Lunes
296268,5,3,2020,Jueves
296269,8,3,2020,Domingo
296270,9,3,2020,Lunes
296271,10,3,2020,Martes
296272,13,3,2020,Viernes
296273,13,3,2020,Viernes
296274,15,3,2020,Domingo
296275,16,3,2020,Lunes
296276,19,3,2020,Jueves
296277,24,3,2020,Martes
296278,25,3,2020,Miércoles
296279,15,5,2020,Viernes
299878,13,4,2020,Lunes
302279,30,4,2020,Jueves
301470,6,8,2019,Martes
301471,9,8,2019,Viernes
302278,21,4,2020,Martes
305870,1,12,2019,Domingo
305872,13,12,2019,Viernes
305873,7,12,2019,Sábado
305874,13,12,2019,Viernes
305875,20,6,2020,Sábado
305876,6,10,2019,Domingo
306267,2,10,2019,Miércoles
306667,13,10,2019,Domingo
306668,13,10,2019,Domingo
306669,16,10,2019,Miércoles
306670,16,10,2019,Miércoles
306671,25,10,2019,Viernes
307067,4,11,2019,Lunes
307068,4,11,2019,Lunes
307069,10,11,2019,Domingo
307469,1,9,2019,Domingo
307470,8,9,2019,Domingo
307471,8,9,2019,Domingo
307873,30,9,2019,Lunes
311073,25,5,2020,Lunes
311074,19,8,2019,Lunes
311473,14,9,2019,Sábado
311474,15,9,2019,Domingo
311475,16,8,2019,Viernes
311476,17,8,2019,Sábado
312673,9,8,2019,Viernes
313877,24,8,2019,Sábado
313880,17,9,2019,Martes
313881,3,10,2019,Jueves
313882,10,10,2019,Jueves
313883,12,10,2019,Sábado
313884,17,11,2019,Domingo
313885,30,11,2019,Sábado
313886,11,11,2019,Lunes
313887,26,12,2019,Jueves
313888,28,12,2019,Sábado
314673,29,10,2019,Martes
314674,25,9,2019,Miércoles
314675,23,8,2019,Viernes
314676,29,12,2019,Domingo
314677,25,12,2019,Miércoles
315083,23,5,2020,Sábado
315084,28,5,2020,Jueves
317877,27,5,2020,Miércoles
321073,12,5,2020,Martes
321074,17,5,2020,Domingo
321075,20,5,2020,Miércoles
321076,20,5,2020,Miércoles
321873,25,6,2020,Jueves
333494,23,12,2019,Lunes
333495,20,12,2019,Viernes
336683,22,6,2020,Lunes
337084,2,5,2020,Sábado
337484,28,6,2020,Domingo
340694,4,6,2020,Jueves
340695,4,6,2020,Jueves
340696,8,6,2020,Lunes
340697,10,6,2020,Miércoles
340698,19,6,2020,Viernes
340701,22,6,2020,Lunes
341483,1,6,2020,Lunes
341484,9,6,2020,Martes
341485,10,6,2020,Miércoles
341486,11,6,2020,Jueves
341487,15,8,2020,Sábado
341488,26,8,2020,Miércoles
343485,7,8,2020,Viernes
352297,12,7,2020,Domingo
352706,25,7,2020,Sábado
352707,17,7,2020,Viernes
353104,7,7,2020,Martes
353105,11,7,2020,Sábado
353106,15,7,2020,Miércoles
353107,22,7,2020,Miércoles
353501,10,7,2020,Viernes
353502,11,7,2020,Sábado
353504,11,7,2020,Sábado
353505,16,7,2020,Jueves
353506,23,7,2020,Jueves
353508,26,7,2020,Domingo
353892,27,7,2020,Lunes
353894,29,7,2020,Miércoles
355092,1,7,2020,Miércoles
355093,3,7,2020,Viernes
355094,5,7,2020,Domingo
355095,10,7,2020,Viernes
355096,17,7,2020,Viernes
355492,4,7,2020,Sábado
363492,1,9,2020,Martes
373492,8,8,2020,Sábado
379111,30,6,2020,Martes
379112,7,7,2020,Martes
379115,29,8,2020,Sábado
379517,30,7,2020,Jueves
381492,10,8,2020,Lunes
381493,9,8,2020,Domingo
381494,18,8,2020,Martes
381495,30,8,2020,Domingo
381506,12,8,2020,Miércoles
381892,2,8,2020,Domingo
381893,20,8,2020,Jueves
382292,27,9,2020,Domingo
382714,15,9,2020,Martes
384294,15,8,2020,Sábado
384295,24,8,2020,Lunes
384296,29,10,2020,Jueves
384302,24,9,2020,Jueves
384694,3,8,2020,Lunes
384695,17,8,2020,Lunes
384696,18,8,2020,Martes
384697,24,8,2020,Lunes
384698,28,10,2020,Miércoles
384706,5,9,2020,Sábado
384707,23,9,2020,Miércoles
384708,28,9,2020,Lunes
386692,24,10,2020,Sábado
391092,4,9,2020,Viernes
391093,8,9,2020,Martes
391094,12,9,2020,Sábado
391095,15,9,2020,Martes
391096,15,9,2020,Martes
391097,28,9,2020,Lunes
391098,29,9,2020,Martes
391492,12,9,2020,Sábado
391493,19,9,2020,Sábado
391494,26,9,2020,Sábado
391495,28,9,2020,Lunes
391496,29,9,2020,Martes
391497,29,9,2020,Martes
391498,29,9,2020,Martes
402712,2,9,2020,Miércoles
402713,11,9,2020,Viernes
402714,17,9,2020,Jueves
402715,19,9,2020,Sábado
402716,24,9,2020,Jueves
402717,25,9,2020,Viernes
402718,30,9,2020,Miércoles
403098,2,9,2020,Miércoles
403099,3,9,2020,Jueves
403100,5,9,2020,Sábado
403101,5,9,2020,Sábado
403102,11,9,2020,Viernes
403103,16,9,2020,Miércoles
403104,25,9,2020,Viernes
403105,27,9,2020,Domingo
403106,28,9,2020,Lunes
404292,14,10,2020,Miércoles
406305,27,10,2020,Martes
406309,10,10,2020,Sábado
409113,1,10,2020,Jueves
409114,4,10,2020,Domingo
409115,9,10,2020,Viernes
409117,11,10,2020,Domingo
409119,13,10,2020,Martes
409120,14,10,2020,Miércoles
409122,22,10,2020,Jueves
409525,18,10,2020,Domingo
409516,1,10,2020,Jueves
409517,2,10,2020,Viernes
409518,7,10,2020,Miércoles
409519,9,10,2020,Viernes
409522,14,10,2020,Miércoles
409526,12,10,2020,Lunes
411899,21,10,2020,Miércoles
411896,3,10,2020,Sábado
411897,18,10,2020,Domingo
411900,29,10,2020,Jueves
411901,30,10,2020,Viernes
412295,2,10,2020,Viernes
412296,2,10,2020,Viernes
412297,3,10,2020,Sábado
412298,14,10,2020,Miércoles
412300,15,10,2020,Jueves
412301,18,10,2020,Domingo
412302,23,10,2020,Viernes
412304,30,10,2020,Viernes
421500,14,12,2020,Lunes
424707,23,11,2020,Lunes
425112,29,11,2020,Domingo
425492,15,11,2020,Domingo
427492,3,11,2020,Martes
427493,4,11,2020,Miércoles
427494,13,11,2020,Viernes
427495,30,11,2020,Lunes
427497,20,8,2020,Jueves
427500,21,10,2020,Miércoles
427892,4,11,2020,Miércoles
427893,11,11,2020,Miércoles
427894,25,11,2020,Miércoles
427896,23,10,2020,Viernes
429892,1,1,2021,Viernes
430694,3,11,2020,Martes
430695,11,11,2020,Miércoles
430696,15,11,2020,Domingo
430697,29,11,2020,Domingo
430698,22,1,2021,Viernes
431093,5,11,2020,Jueves
431094,6,11,2020,Viernes
431095,11,11,2020,Miércoles
431096,14,11,2020,Sábado
431097,22,11,2020,Domingo
440294,8,12,2020,Martes
440296,13,12,2020,Domingo
440297,13,12,2020,Domingo
440302,20,12,2020,Domingo
442301,1,12,2020,Martes
440305,30,12,2020,Miércoles
440307,30,12,2020,Miércoles
440695,15,12,2020,Martes
440697,19,12,2020,Sábado
440698,19,12,2020,Sábado
440699,24,12,2020,Jueves
440700,27,12,2020,Domingo
440701,27,12,2020,Domingo
440702,29,12,2020,Martes
440703,30,12,2020,Miércoles
440705,30,12,2020,Miércoles
440706,30,12,2020,Miércoles
440707,30,12,2020,Miércoles
441099,6,12,2020,Domingo
441101,16,12,2020,Miércoles
441103,20,12,2020,Domingo
441105,22,12,2020,Martes
442700,22,12,2020,Martes
443492,17,12,2020,Jueves
446303,31,1,2021,Domingo
446697,30,1,2021,Sábado
447095,1,12,2020,Martes
447096,1,12,2020,Martes
447097,9,12,2020,Miércoles
447493,4,12,2020,Viernes
447895,21,12,2020,Lunes
447896,22,12,2020,Martes
447897,29,12,2020,Martes
447898,29,12,2020,Martes
447899,31,12,2020,Jueves
447901,13,12,2020,Domingo
447902,31,12,2020,Jueves
448292,12,12,2020,Sábado
448296,19,12,2020,Sábado
448297,21,12,2020,Lunes
448301,22,12,2020,Martes
448302,29,12,2020,Martes
448303,30,12,2020,Miércoles
448304,31,12,2020,Jueves
448306,12,12,2020,Sábado
457096,23,1,2021,Sábado
457098,30,1,2021,Sábado
457494,12,1,2021,Martes
457495,20,1,2021,Miércoles
457498,24,1,2021,Domingo
457501,13,1,2021,Miércoles
458314,20,2,2021,Sábado
458707,3,1,2021,Domingo
458708,4,1,2021,Lunes
458709,5,1,2021,Martes
458710,9,1,2021,Sábado
459112,3,1,2021,Domingo
459113,2,1,2021,Sábado
459114,5,1,2021,Martes
459115,7,1,2021,Jueves
459494,12,1,2021,Martes
459495,17,1,2021,Domingo
459496,20,1,2021,Miércoles
459894,12,1,2021,Martes
459895,19,1,2021,Martes
459896,26,1,2021,Martes
462704,1,1,2021,Viernes
462705,6,1,2021,Miércoles
462706,24,11,2020,Martes
462707,10,12,2020,Jueves
462708,9,1,2021,Sábado
462709,9,1,2021,Sábado
462710,9,1,2021,Sábado
462716,25,1,2021,Lunes
462718,27,1,2021,Miércoles
462719,29,1,2021,Viernes
462720,29,1,2021,Viernes
463101,2,1,2021,Sábado
463102,8,1,2021,Viernes
463103,18,1,2021,Lunes
463104,25,10,2020,Domingo
463105,28,10,2020,Miércoles
463106,31,10,2020,Sábado
463107,11,11,2020,Miércoles
463108,16,12,2020,Miércoles
463109,19,1,2021,Martes
463110,12,1,2021,Martes
463111,20,1,2021,Miércoles
463113,23,1,2021,Sábado
463494,17,1,2021,Domingo
465503,23,1,2021,Sábado
469094,19,3,2021,Viernes
469097,21,3,2021,Domingo
469098,21,3,2021,Domingo
469100,8,4,2021,Jueves
469101,10,4,2021,Sábado
469103,19,4,2021,Lunes
469104,9,5,2021,Domingo
469494,31,3,2021,Miércoles
470694,11,2,2021,Jueves
470695,13,2,2021,Sábado
470696,13,2,2021,Sábado
470697,16,2,2021,Martes
470698,21,2,2021,Domingo
470699,25,2,2021,Jueves
470700,26,2,2021,Viernes
470701,26,2,2021,Viernes
470702,25,3,2021,Jueves
470703,1,3,2021,Lunes
470704,28,3,2021,Domingo
470706,1,3,2021,Lunes
470708,2,3,2021,Martes
470709,11,3,2021,Jueves
470711,13,3,2021,Sábado
470712,14,3,2021,Domingo
470714,24,3,2021,Miércoles
470722,2,2,2021,Martes
471094,15,2,2021,Lunes
471095,4,2,2021,Jueves
471096,10,2,2021,Miércoles
471097,20,2,2021,Sábado
471098,26,2,2021,Viernes
471099,19,2,2021,Viernes
471100,28,2,2021,Domingo
471101,20,2,2021,Sábado
471102,28,2,2021,Domingo
471103,11,3,2021,Jueves
471104,29,3,2021,Lunes
471109,4,3,2021,Jueves
471110,14,3,2021,Domingo
471112,19,3,2021,Viernes
471113,24,3,2021,Miércoles
471114,24,3,2021,Miércoles
471115,24,3,2021,Miércoles
471120,1,2,2021,Lunes
471121,2,2,2021,Martes
471122,2,2,2021,Martes
472351,2,2,2021,Martes
472352,4,2,2021,Jueves
472353,7,2,2021,Domingo
472354,9,2,2021,Martes
472355,13,2,2021,Sábado
472356,14,2,2021,Domingo
472357,14,2,2021,Domingo
472358,14,2,2021,Domingo
472359,16,2,2021,Martes
472369,18,2,2021,Jueves
472370,25,2,2021,Jueves
472372,26,2,2021,Viernes
472375,28,2,2021,Domingo
473500,5,2,2021,Viernes
473894,3,3,2021,Miércoles
473895,5,3,2021,Viernes
473896,8,3,2021,Lunes
473897,12,3,2021,Viernes
473898,15,3,2021,Lunes
474294,7,3,2021,Domingo
474295,8,3,2021,Lunes
474296,12,3,2021,Viernes
474301,21,3,2021,Domingo
474302,23,3,2021,Martes
474304,22,3,2021,Lunes
474307,28,3,2021,Domingo
474308,27,3,2021,Sábado
474695,24,3,2021,Miércoles
474697,30,3,2021,Martes
478694,3,4,2021,Sábado
479094,3,4,2021,Sábado
479097,4,4,2021,Domingo
479099,5,4,2021,Lunes
479102,6,4,2021,Martes
479103,6,4,2021,Martes
479104,14,4,2021,Miércoles
479494,15,4,2021,Jueves
479495,18,4,2021,Domingo
479496,27,4,2021,Martes
480294,21,4,2021,Miércoles
480694,9,4,2021,Viernes
480695,11,4,2021,Domingo
480696,24,4,2021,Sábado
480698,23,4,2021,Viernes
481094,8,4,2021,Jueves
481095,14,4,2021,Miércoles
481096,20,4,2021,Martes
481098,28,4,2021,Miércoles
482294,3,4,2021,Sábado
482295,4,4,2021,Domingo
482296,7,4,2021,Miércoles
482297,12,4,2021,Lunes
482694,4,4,2021,Domingo
482695,12,4,2021,Lunes
482696,12,4,2021,Lunes
483096,18,4,2021,Domingo
483099,23,4,2021,Viernes
483100,24,4,2021,Sábado
483101,27,4,2021,Martes
483494,18,4,2021,Domingo
483496,22,4,2021,Jueves
483497,27,4,2021,Martes
483498,27,4,2021,Martes
494704,11,5,2021,Martes
496703,26,6,2021,Sábado
497103,27,6,2021,Domingo
497109,17,5,2021,Lunes
497110,20,5,2021,Jueves
497503,27,6,2021,Domingo
497506,11,5,2021,Martes
497507,13,5,2021,Jueves
497508,16,5,2021,Domingo
497509,21,5,2021,Viernes
497510,31,5,2021,Lunes
497903,17,5,2021,Lunes
498704,1,5,2021,Sábado
498705,10,5,2021,Lunes
498706,13,5,2021,Jueves
499103,24,5,2021,Lunes
499503,20,5,2021,Jueves
499505,21,5,2021,Viernes
499506,22,5,2021,Sábado
499507,23,5,2021,Domingo
499509,25,5,2021,Martes
499510,26,5,2021,Miércoles
499511,31,5,2021,Lunes
499512,31,5,2021,Lunes
499908,10,5,2021,Lunes
499911,16,5,2021,Domingo
499912,13,5,2021,Jueves
505103,6,7,2021,Martes
509903,20,7,2021,Martes
509904,20,7,2021,Martes
515904,5,6,2021,Sábado
515905,9,6,2021,Miércoles
515906,10,6,2021,Jueves
515907,13,6,2021,Domingo
515908,15,6,2021,Martes
515909,22,6,2021,Martes
515910,12,6,2021,Sábado
515911,15,6,2021,Martes
516708,4,6,2021,Viernes
516709,5,6,2021,Sábado
516710,25,6,2021,Viernes
516711,28,6,2021,Lunes
517103,27,6,2021,Domingo
517104,23,6,2021,Miércoles
517106,27,6,2021,Domingo
517109,2,6,2021,Miércoles
517110,5,6,2021,Sábado
517111,11,6,2021,Viernes
519106,12,6,2021,Sábado
519108,11,6,2021,Viernes
519503,1,6,2021,Martes
519504,3,6,2021,Jueves
519506,15,6,2021,Martes
519903,15,6,2021,Martes
519904,16,6,2021,Miércoles
522303,6,8,2021,Viernes
523103,18,6,2021,Viernes
523507,28,6,2021,Lunes
523905,19,6,2021,Sábado
523906,22,6,2021,Martes
523907,22,6,2021,Martes
523909,24,6,2021,Jueves
523910,29,6,2021,Martes
523911,30,6,2021,Miércoles
524306,15,6,2021,Martes
524704,25,6,2021,Viernes
525103,22,7,2021,Jueves
529111,23,8,2021,Lunes
530304,18,7,2021,Domingo
530308,17,7,2021,Sábado
530310,19,7,2021,Lunes
530311,28,7,2021,Miércoles
530708,19,8,2021,Jueves
533106,2,7,2021,Viernes
533903,8,7,2021,Jueves
534303,9,7,2021,Viernes
535104,26,8,2021,Jueves
539103,10,7,2021,Sábado
539104,12,7,2021,Lunes
539105,14,7,2021,Miércoles
539106,21,7,2021,Miércoles
539107,27,7,2021,Martes
539108,28,7,2021,Miércoles
539504,11,7,2021,Domingo
539505,15,7,2021,Jueves
539506,24,7,2021,Sábado
539507,25,7,2021,Domingo
539508,26,7,2021,Lunes
539509,28,7,2021,Miércoles
539510,10,7,2021,Sábado
539511,10,7,2021,Sábado
548303,2,8,2021,Lunes
549103,23,4,2021,Viernes
549104,24,4,2021,Sábado
549105,6,6,2021,Domingo
549106,15,6,2021,Martes
549107,24,6,2021,Jueves
549109,7,7,2021,Miércoles
549110,10,7,2021,Sábado
549111,12,7,2021,Lunes
549112,21,7,2021,Miércoles
549505,1,6,2021,Martes
549507,8,6,2021,Martes
549509,12,7,2021,Lunes
549510,29,7,2021,Jueves
554703,4,8,2021,Miércoles
556306,12,9,2021,Domingo
557503,1,8,2021,Domingo
557504,3,8,2021,Martes
557505,3,8,2021,Martes
557506,4,8,2021,Miércoles
557507,5,8,2021,Jueves
557903,8,8,2021,Domingo
557904,14,8,2021,Sábado
557905,14,8,2021,Sábado
557907,16,8,2021,Lunes
557909,31,8,2021,Martes
557910,31,8,2021,Martes
557913,2,8,2021,Lunes
557916,14,8,2021,Sábado
558304,13,8,2021,Viernes
558305,14,8,2021,Sábado
558308,19,8,2021,Jueves
558309,31,8,2021,Martes
558311,29,8,2021,Domingo
558313,10,8,2021,Martes
558315,13,8,2021,Viernes
565917,30,9,2021,Jueves
563904,6,9,2021,Lunes
563905,18,9,2021,Sábado
565906,5,9,2021,Domingo
565907,5,9,2021,Domingo
565908,6,9,2021,Lunes
565909,13,9,2021,Lunes
565910,17,9,2021,Viernes
565911,21,9,2021,Martes
565912,22,9,2021,Miércoles
565913,25,9,2021,Sábado
565914,25,9,2021,Sábado
565915,28,9,2021,Martes
565916,29,9,2021,Miércoles
