id_accident,accident_time,id_date,id_location,id_condition,id_class_accident
62328,12,62328,62328,62328,62328
62330,6,62330,62330,62330,62330
62336,18,62336,62336,62336,62336
62726,0,62726,62726,62726,62726
62727,16,62727,62727,62727,62727
63538,17,63538,63538,63538,63538
63539,4,63539,63539,63539,63539
63540,14,63540,63540,63540,63540
66749,4,66749,66749,66749,66749
66750,6,66750,66750,66750,66750
66751,10,66751,66751,66751,66751
66752,17,66752,66752,66752,66752
66753,20,66753,66753,66753,66753
66754,9,66754,66754,66754,66754
66755,18,66755,66755,66755,66755
66756,7,66756,66756,66756,66756
66757,18,66757,66757,66757,66757
66759,13,66759,66759,66759,66759
66760,12,66760,66760,66760,66760
66761,9,66761,66761,66761,66761
67946,15,67946,67946,67946,67946
67949,8,67949,67949,67949,67949
67950,14,67950,67950,67950,67950
68342,15,68342,68342,68342,68342
68343,16,68343,68343,68343,68343
68345,16,68345,68345,68345,68345
68353,18,68353,68353,68353,68353
68356,4,68356,68356,68356,68356
68358,10,68358,68358,68358,68358
70772,17,70772,70772,70772,70772
71569,14,71569,71569,71569,71569
71570,13,71570,71570,71570,71570
71571,19,71571,71571,71571,71571
74373,16,74373,74373,74373,74373
74374,18,74374,74374,74374,74374
74375,19,74375,74375,74375,74375
74376,13,74376,74376,74376,74376
74377,15,74377,74377,74377,74377
75584,5,75584,75584,75584,75584
75586,7,75586,75586,75586,75586
75589,15,75589,75589,75589,75589
75979,0,75979,75979,75979,75979
75980,14,75980,75980,75980,75980
75982,15,75982,75982,75982,75982
75984,13,75984,75984,75984,75984
75986,9,75986,75986,75986,75986
75987,7,75987,75987,75987,75987
75988,11,75988,75988,75988,75988
75989,22,75989,75989,75989,75989
75990,7,75990,75990,75990,75990
76391,18,76391,76391,76391,76391
76398,7,76398,76398,76398,76398
76793,11,76793,76793,76793,76793
77588,0,77588,77588,77588,77588
77589,0,77589,77589,77589,77589
77590,16,77590,77590,77590,77590
77591,0,77591,77591,77591,77591
77592,18,77592,77592,77592,77592
83998,17,83998,83998,83998,83998
83999,6,83999,83999,83999,83999
93601,1,93601,93601,93601,93601
93602,15,93602,93602,93602,93602
93603,19,93603,93603,93603,93603
93604,16,93604,93604,93604,93604
94003,15,94003,94003,94003,94003
94005,19,94005,94005,94005,94005
94007,15,94007,94007,94007,94007
94008,5,94008,94008,94008,94008
95973,12,95973,95973,95973,95973
95974,12,95974,95974,95974,95974
95975,12,95975,95975,95975,95975
95976,12,95976,95976,95976,95976
95977,12,95977,95977,95977,95977
95978,12,95978,95978,95978,95978
95979,12,95979,95979,95979,95979
95980,12,95980,95980,95980,95980
95981,12,95981,95981,95981,95981
95982,12,95982,95982,95982,95982
95983,12,95983,95983,95983,95983
95984,12,95984,95984,95984,95984
95985,12,95985,95985,95985,95985
95986,12,95986,95986,95986,95986
95987,12,95987,95987,95987,95987
95988,12,95988,95988,95988,95988
95989,12,95989,95989,95989,95989
95990,12,95990,95990,95990,95990
95991,12,95991,95991,95991,95991
95992,12,95992,95992,95992,95992
95993,12,95993,95993,95993,95993
95999,12,95999,95999,95999,95999
96000,12,96000,96000,96000,96000
96001,12,96001,96001,96001,96001
96002,12,96002,96002,96002,96002
96007,12,96007,96007,96007,96007
96008,12,96008,96008,96008,96008
96015,12,96015,96015,96015,96015
96016,12,96016,96016,96016,96016
96024,12,96024,96024,96024,96024
96025,12,96025,96025,96025,96025
96031,12,96031,96031,96031,96031
96044,12,96044,96044,96044,96044
96053,12,96053,96053,96053,96053
96054,12,96054,96054,96054,96054
96055,12,96055,96055,96055,96055
96234,12,96234,96234,96234,96234
96235,12,96235,96235,96235,96235
96238,12,96238,96238,96238,96238
96241,12,96241,96241,96241,96241
96242,12,96242,96242,96242,96242
96243,12,96243,96243,96243,96243
96244,12,96244,96244,96244,96244
96245,12,96245,96245,96245,96245
96246,12,96246,96246,96246,96246
96247,12,96247,96247,96247,96247
96248,12,96248,96248,96248,96248
96249,12,96249,96249,96249,96249
96250,12,96250,96250,96250,96250
96251,12,96251,96251,96251,96251
96252,12,96252,96252,96252,96252
96253,12,96253,96253,96253,96253
96254,12,96254,96254,96254,96254
96255,12,96255,96255,96255,96255
96264,12,96264,96264,96264,96264
96265,12,96265,96265,96265,96265
96266,12,96266,96266,96266,96266
96267,12,96267,96267,96267,96267
96268,12,96268,96268,96268,96268
96269,12,96269,96269,96269,96269
96270,12,96270,96270,96270,96270
96271,12,96271,96271,96271,96271
96272,12,96272,96272,96272,96272
96273,12,96273,96273,96273,96273
96274,12,96274,96274,96274,96274
96275,12,96275,96275,96275,96275
96276,12,96276,96276,96276,96276
96277,12,96277,96277,96277,96277
96278,12,96278,96278,96278,96278
96279,12,96279,96279,96279,96279
96280,12,96280,96280,96280,96280
96281,12,96281,96281,96281,96281
96282,12,96282,96282,96282,96282
96283,12,96283,96283,96283,96283
96284,12,96284,96284,96284,96284
96285,12,96285,96285,96285,96285
96286,12,96286,96286,96286,96286
96287,12,96287,96287,96287,96287
96288,12,96288,96288,96288,96288
96289,12,96289,96289,96289,96289
96290,12,96290,96290,96290,96290
96291,12,96291,96291,96291,96291
96292,12,96292,96292,96292,96292
96293,12,96293,96293,96293,96293
96294,12,96294,96294,96294,96294
96295,12,96295,96295,96295,96295
96296,12,96296,96296,96296,96296
96297,12,96297,96297,96297,96297
96298,12,96298,96298,96298,96298
96299,12,96299,96299,96299,96299
96300,12,96300,96300,96300,96300
96301,12,96301,96301,96301,96301
96302,12,96302,96302,96302,96302
96303,12,96303,96303,96303,96303
96304,12,96304,96304,96304,96304
96305,12,96305,96305,96305,96305
96306,12,96306,96306,96306,96306
96307,12,96307,96307,96307,96307
96308,12,96308,96308,96308,96308
96309,12,96309,96309,96309,96309
96310,12,96310,96310,96310,96310
96311,12,96311,96311,96311,96311
96312,12,96312,96312,96312,96312
96313,12,96313,96313,96313,96313
96314,12,96314,96314,96314,96314
96315,12,96315,96315,96315,96315
96316,12,96316,96316,96316,96316
96317,12,96317,96317,96317,96317
96318,12,96318,96318,96318,96318
96319,12,96319,96319,96319,96319
96320,12,96320,96320,96320,96320
96321,12,96321,96321,96321,96321
96322,12,96322,96322,96322,96322
96323,12,96323,96323,96323,96323
96324,12,96324,96324,96324,96324
96325,12,96325,96325,96325,96325
96326,12,96326,96326,96326,96326
96327,12,96327,96327,96327,96327
96328,12,96328,96328,96328,96328
96445,12,96445,96445,96445,96445
96446,12,96446,96446,96446,96446
96447,12,96447,96447,96447,96447
96448,12,96448,96448,96448,96448
96449,12,96449,96449,96449,96449
96450,12,96450,96450,96450,96450
96451,12,96451,96451,96451,96451
96699,12,96699,96699,96699,96699
96700,12,96700,96700,96700,96700
96701,12,96701,96701,96701,96701
96702,12,96702,96702,96702,96702
96703,12,96703,96703,96703,96703
96704,12,96704,96704,96704,96704
96705,12,96705,96705,96705,96705
96706,12,96706,96706,96706,96706
96707,12,96707,96707,96707,96707
96708,12,96708,96708,96708,96708
96709,12,96709,96709,96709,96709
96710,12,96710,96710,96710,96710
96711,12,96711,96711,96711,96711
96712,12,96712,96712,96712,96712
96713,12,96713,96713,96713,96713
96714,12,96714,96714,96714,96714
96715,12,96715,96715,96715,96715
96716,12,96716,96716,96716,96716
96717,12,96717,96717,96717,96717
96718,12,96718,96718,96718,96718
96719,12,96719,96719,96719,96719
96720,12,96720,96720,96720,96720
96721,12,96721,96721,96721,96721
96722,12,96722,96722,96722,96722
96723,12,96723,96723,96723,96723
96724,12,96724,96724,96724,96724
96725,12,96725,96725,96725,96725
96726,12,96726,96726,96726,96726
96727,12,96727,96727,96727,96727
96728,12,96728,96728,96728,96728
96729,12,96729,96729,96729,96729
96730,12,96730,96730,96730,96730
96731,12,96731,96731,96731,96731
96732,12,96732,96732,96732,96732
96733,12,96733,96733,96733,96733
96734,12,96734,96734,96734,96734
96735,12,96735,96735,96735,96735
96736,12,96736,96736,96736,96736
96737,12,96737,96737,96737,96737
96738,12,96738,96738,96738,96738
96739,12,96739,96739,96739,96739
96740,12,96740,96740,96740,96740
96741,12,96741,96741,96741,96741
96742,12,96742,96742,96742,96742
96743,12,96743,96743,96743,96743
96744,12,96744,96744,96744,96744
96745,12,96745,96745,96745,96745
96746,12,96746,96746,96746,96746
96747,12,96747,96747,96747,96747
96748,12,96748,96748,96748,96748
96749,12,96749,96749,96749,96749
96750,12,96750,96750,96750,96750
96751,12,96751,96751,96751,96751
96752,12,96752,96752,96752,96752
96753,12,96753,96753,96753,96753
96754,12,96754,96754,96754,96754
96755,12,96755,96755,96755,96755
96756,12,96756,96756,96756,96756
96757,12,96757,96757,96757,96757
96758,12,96758,96758,96758,96758
96759,12,96759,96759,96759,96759
96760,12,96760,96760,96760,96760
96761,12,96761,96761,96761,96761
96762,12,96762,96762,96762,96762
96763,12,96763,96763,96763,96763
96764,12,96764,96764,96764,96764
96765,12,96765,96765,96765,96765
96766,12,96766,96766,96766,96766
96767,12,96767,96767,96767,96767
96768,12,96768,96768,96768,96768
96769,12,96769,96769,96769,96769
96770,12,96770,96770,96770,96770
96771,12,96771,96771,96771,96771
96772,12,96772,96772,96772,96772
96773,12,96773,96773,96773,96773
97056,12,97056,97056,97056,97056
97057,12,97057,97057,97057,97057
97058,12,97058,97058,97058,97058
97059,12,97059,97059,97059,97059
97060,12,97060,97060,97060,97060
97061,12,97061,97061,97061,97061
97064,12,97064,97064,97064,97064
97065,12,97065,97065,97065,97065
97066,12,97066,97066,97066,97066
97067,12,97067,97067,97067,97067
97068,12,97068,97068,97068,97068
97069,12,97069,97069,97069,97069
97188,12,97188,97188,97188,97188
97189,12,97189,97189,97189,97189
97190,12,97190,97190,97190,97190
97191,12,97191,97191,97191,97191
97192,12,97192,97192,97192,97192
97193,12,97193,97193,97193,97193
97194,12,97194,97194,97194,97194
97195,12,97195,97195,97195,97195
97196,12,97196,97196,97196,97196
97197,12,97197,97197,97197,97197
97198,12,97198,97198,97198,97198
97199,12,97199,97199,97199,97199
97200,12,97200,97200,97200,97200
97201,12,97201,97201,97201,97201
97202,12,97202,97202,97202,97202
97203,12,97203,97203,97203,97203
97204,12,97204,97204,97204,97204
97205,12,97205,97205,97205,97205
97206,12,97206,97206,97206,97206
97207,12,97207,97207,97207,97207
97208,12,97208,97208,97208,97208
97209,12,97209,97209,97209,97209
97210,12,97210,97210,97210,97210
97211,12,97211,97211,97211,97211
97212,12,97212,97212,97212,97212
97213,12,97213,97213,97213,97213
97214,12,97214,97214,97214,97214
97215,12,97215,97215,97215,97215
97216,12,97216,97216,97216,97216
97217,12,97217,97217,97217,97217
97218,12,97218,97218,97218,97218
97219,12,97219,97219,97219,97219
97220,12,97220,97220,97220,97220
97221,12,97221,97221,97221,97221
97222,12,97222,97222,97222,97222
97223,12,97223,97223,97223,97223
97224,12,97224,97224,97224,97224
97225,12,97225,97225,97225,97225
97226,12,97226,97226,97226,97226
97227,12,97227,97227,97227,97227
97228,12,97228,97228,97228,97228
97229,12,97229,97229,97229,97229
97230,12,97230,97230,97230,97230
97231,12,97231,97231,97231,97231
97232,12,97232,97232,97232,97232
97233,12,97233,97233,97233,97233
97234,12,97234,97234,97234,97234
97235,12,97235,97235,97235,97235
97236,12,97236,97236,97236,97236
97237,12,97237,97237,97237,97237
97238,12,97238,97238,97238,97238
97239,12,97239,97239,97239,97239
97240,12,97240,97240,97240,97240
97241,12,97241,97241,97241,97241
97242,12,97242,97242,97242,97242
97243,12,97243,97243,97243,97243
97244,12,97244,97244,97244,97244
97245,12,97245,97245,97245,97245
97246,12,97246,97246,97246,97246
97247,12,97247,97247,97247,97247
97248,12,97248,97248,97248,97248
97249,12,97249,97249,97249,97249
97250,12,97250,97250,97250,97250
97251,12,97251,97251,97251,97251
97252,12,97252,97252,97252,97252
97253,12,97253,97253,97253,97253
97254,12,97254,97254,97254,97254
97255,12,97255,97255,97255,97255
97256,12,97256,97256,97256,97256
97257,12,97257,97257,97257,97257
97258,12,97258,97258,97258,97258
97259,12,97259,97259,97259,97259
97260,12,97260,97260,97260,97260
97261,12,97261,97261,97261,97261
97262,12,97262,97262,97262,97262
97263,12,97263,97263,97263,97263
97264,12,97264,97264,97264,97264
97265,12,97265,97265,97265,97265
97266,12,97266,97266,97266,97266
97267,12,97267,97267,97267,97267
97268,12,97268,97268,97268,97268
97269,12,97269,97269,97269,97269
97270,12,97270,97270,97270,97270
97271,12,97271,97271,97271,97271
97272,12,97272,97272,97272,97272
97273,12,97273,97273,97273,97273
97274,12,97274,97274,97274,97274
97275,12,97275,97275,97275,97275
97276,12,97276,97276,97276,97276
97277,12,97277,97277,97277,97277
97278,12,97278,97278,97278,97278
97279,12,97279,97279,97279,97279
97280,12,97280,97280,97280,97280
97281,12,97281,97281,97281,97281
97282,12,97282,97282,97282,97282
97283,12,97283,97283,97283,97283
97284,12,97284,97284,97284,97284
97285,12,97285,97285,97285,97285
97286,12,97286,97286,97286,97286
97287,12,97287,97287,97287,97287
97288,12,97288,97288,97288,97288
97289,12,97289,97289,97289,97289
97290,12,97290,97290,97290,97290
97291,12,97291,97291,97291,97291
97292,12,97292,97292,97292,97292
97293,12,97293,97293,97293,97293
97294,12,97294,97294,97294,97294
97295,12,97295,97295,97295,97295
97296,12,97296,97296,97296,97296
97297,12,97297,97297,97297,97297
97298,12,97298,97298,97298,97298
97299,12,97299,97299,97299,97299
97300,12,97300,97300,97300,97300
97301,12,97301,97301,97301,97301
97302,12,97302,97302,97302,97302
97303,12,97303,97303,97303,97303
97304,12,97304,97304,97304,97304
97305,12,97305,97305,97305,97305
97306,12,97306,97306,97306,97306
97307,12,97307,97307,97307,97307
97308,12,97308,97308,97308,97308
97309,12,97309,97309,97309,97309
97310,12,97310,97310,97310,97310
97311,12,97311,97311,97311,97311
97312,12,97312,97312,97312,97312
97313,12,97313,97313,97313,97313
97314,12,97314,97314,97314,97314
97315,12,97315,97315,97315,97315
97316,12,97316,97316,97316,97316
97317,12,97317,97317,97317,97317
97318,12,97318,97318,97318,97318
97319,12,97319,97319,97319,97319
97320,12,97320,97320,97320,97320
97321,12,97321,97321,97321,97321
97322,12,97322,97322,97322,97322
97323,12,97323,97323,97323,97323
97324,12,97324,97324,97324,97324
97325,12,97325,97325,97325,97325
97326,12,97326,97326,97326,97326
97327,12,97327,97327,97327,97327
97328,12,97328,97328,97328,97328
97533,12,97533,97533,97533,97533
97475,12,97475,97475,97475,97475
97476,12,97476,97476,97476,97476
97477,12,97477,97477,97477,97477
97478,12,97478,97478,97478,97478
97479,12,97479,97479,97479,97479
97480,12,97480,97480,97480,97480
97481,12,97481,97481,97481,97481
97482,12,97482,97482,97482,97482
97483,12,97483,97483,97483,97483
97484,12,97484,97484,97484,97484
97485,12,97485,97485,97485,97485
97486,12,97486,97486,97486,97486
97487,12,97487,97487,97487,97487
97488,12,97488,97488,97488,97488
97489,12,97489,97489,97489,97489
97490,12,97490,97490,97490,97490
97491,12,97491,97491,97491,97491
97492,12,97492,97492,97492,97492
97493,12,97493,97493,97493,97493
97494,12,97494,97494,97494,97494
97495,12,97495,97495,97495,97495
97496,12,97496,97496,97496,97496
97497,12,97497,97497,97497,97497
97498,12,97498,97498,97498,97498
97499,12,97499,97499,97499,97499
97500,12,97500,97500,97500,97500
97501,12,97501,97501,97501,97501
97502,12,97502,97502,97502,97502
97503,12,97503,97503,97503,97503
97504,12,97504,97504,97504,97504
97505,12,97505,97505,97505,97505
97506,12,97506,97506,97506,97506
97507,12,97507,97507,97507,97507
97508,12,97508,97508,97508,97508
97509,12,97509,97509,97509,97509
97510,12,97510,97510,97510,97510
97511,12,97511,97511,97511,97511
97512,12,97512,97512,97512,97512
97513,12,97513,97513,97513,97513
97514,12,97514,97514,97514,97514
97515,12,97515,97515,97515,97515
97516,12,97516,97516,97516,97516
97517,12,97517,97517,97517,97517
97518,12,97518,97518,97518,97518
97519,12,97519,97519,97519,97519
97520,12,97520,97520,97520,97520
97521,12,97521,97521,97521,97521
97522,12,97522,97522,97522,97522
97523,12,97523,97523,97523,97523
97524,12,97524,97524,97524,97524
97525,12,97525,97525,97525,97525
97526,12,97526,97526,97526,97526
97527,12,97527,97527,97527,97527
97528,12,97528,97528,97528,97528
97529,12,97529,97529,97529,97529
97530,12,97530,97530,97530,97530
97531,12,97531,97531,97531,97531
97532,12,97532,97532,97532,97532
97534,12,97534,97534,97534,97534
97535,12,97535,97535,97535,97535
97536,12,97536,97536,97536,97536
97537,12,97537,97537,97537,97537
97538,12,97538,97538,97538,97538
97539,12,97539,97539,97539,97539
97540,12,97540,97540,97540,97540
97541,12,97541,97541,97541,97541
97542,12,97542,97542,97542,97542
97626,12,97626,97626,97626,97626
97627,12,97627,97627,97627,97627
97628,12,97628,97628,97628,97628
97629,12,97629,97629,97629,97629
97630,12,97630,97630,97630,97630
97631,12,97631,97631,97631,97631
97632,12,97632,97632,97632,97632
97633,12,97633,97633,97633,97633
97634,12,97634,97634,97634,97634
97635,12,97635,97635,97635,97635
97636,12,97636,97636,97636,97636
97637,12,97637,97637,97637,97637
97638,12,97638,97638,97638,97638
97639,12,97639,97639,97639,97639
97640,12,97640,97640,97640,97640
97641,12,97641,97641,97641,97641
97642,12,97642,97642,97642,97642
97643,12,97643,97643,97643,97643
97955,12,97955,97955,97955,97955
97956,12,97956,97956,97956,97956
97957,12,97957,97957,97957,97957
97958,12,97958,97958,97958,97958
97959,12,97959,97959,97959,97959
97960,12,97960,97960,97960,97960
97961,12,97961,97961,97961,97961
97962,12,97962,97962,97962,97962
97963,12,97963,97963,97963,97963
97964,12,97964,97964,97964,97964
97965,12,97965,97965,97965,97965
97966,12,97966,97966,97966,97966
97967,12,97967,97967,97967,97967
97968,12,97968,97968,97968,97968
97969,12,97969,97969,97969,97969
97970,12,97970,97970,97970,97970
97971,12,97971,97971,97971,97971
97972,12,97972,97972,97972,97972
97973,12,97973,97973,97973,97973
97974,12,97974,97974,97974,97974
97975,12,97975,97975,97975,97975
97976,12,97976,97976,97976,97976
101910,4,101910,101910,101910,101910
101913,5,101913,101913,101913,101913
101914,11,101914,101914,101914,101914
101915,15,101915,101915,101915,101915
101916,6,101916,101916,101916,101916
101917,21,101917,101917,101917,101917
101918,9,101918,101918,101918,101918
101919,9,101919,101919,101919,101919
101920,19,101920,101920,101920,101920
101922,2,101922,101922,101922,101922
101923,15,101923,101923,101923,101923
101925,18,101925,101925,101925,101925
101927,17,101927,101927,101927,101927
101928,13,101928,101928,101928,101928
101930,10,101930,101930,101930,101930
101931,22,101931,101931,101931,101931
101933,7,101933,101933,101933,101933
101935,1,101935,101935,101935,101935
101937,15,101937,101937,101937,101937
101940,19,101940,101940,101940,101940
101941,4,101941,101941,101941,101941
101943,8,101943,101943,101943,101943
101945,12,101945,101945,101945,101945
101947,5,101947,101947,101947,101947
101948,17,101948,101948,101948,101948
101951,19,101951,101951,101951,101951
101952,20,101952,101952,101952,101952
101954,15,101954,101954,101954,101954
101956,19,101956,101956,101956,101956
106101,5,106101,106101,106101,106101
101958,16,101958,101958,101958,101958
101961,7,101961,101961,101961,101961
101964,8,101964,101964,101964,101964
101967,16,101967,101967,101967,101967
101969,21,101969,101969,101969,101969
101970,23,101970,101970,101970,101970
101971,14,101971,101971,101971,101971
101972,16,101972,101972,101972,101972
101974,14,101974,101974,101974,101974
103290,9,103290,103290,103290,103290
106100,7,106100,106100,106100,106100
103291,7,103291,103291,103291,103291
103292,15,103292,103292,103292,103292
103293,0,103293,103293,103293,103293
103294,7,103294,103294,103294,103294
103295,18,103295,103295,103295,103295
106095,16,106095,106095,106095,106095
106096,16,106096,106096,106096,106096
106097,8,106097,106097,106097,106097
106098,5,106098,106098,106098,106098
106099,15,106099,106099,106099,106099
106102,8,106102,106102,106102,106102
106103,17,106103,106103,106103,106103
106104,16,106104,106104,106104,106104
106110,16,106110,106110,106110,106110
106495,12,106495,106495,106495,106495
107701,17,107701,107701,107701,107701
108895,9,108895,108895,108895,108895
108896,15,108896,108896,108896,108896
108897,17,108897,108897,108897,108897
112100,11,112100,112100,112100,112100
112101,20,112101,112101,112101,112101
112102,2,112102,112102,112102,112102
112103,5,112103,112103,112103,112103
112104,19,112104,112104,112104,112104
112105,12,112105,112105,112105,112105
112106,0,112106,112106,112106,112106
112107,20,112107,112107,112107,112107
112108,9,112108,112108,112108,112108
112109,3,112109,112109,112109,112109
112110,2,112110,112110,112110,112110
112111,7,112111,112111,112111,112111
112112,5,112112,112112,112112,112112
112113,9,112113,112113,112113,112113
112114,14,112114,112114,112114,112114
112115,12,112115,112115,112115,112115
112116,9,112116,112116,112116,112116
116112,19,116112,116112,116112,116112
116500,15,116500,116500,116500,116500
116501,10,116501,116501,116501,116501
116503,17,116503,116503,116503,116503
116505,12,116505,116505,116505,116505
116506,4,116506,116506,116506,116506
116508,9,116508,116508,116508,116508
116509,18,116509,116509,116509,116509
116511,5,116511,116511,116511,116511
120932,19,120932,120932,120932,120932
120933,17,120933,120933,120933,120933
120934,23,120934,120934,120934,120934
120935,7,120935,120935,120935,120935
120936,9,120936,120936,120936,120936
120937,19,120937,120937,120937,120937
120938,12,120938,120938,120938,120938
121308,22,121308,121308,121308,121308
122115,18,122115,122115,122115,122115
122116,19,122116,122116,122116,122116
122117,23,122117,122117,122117,122117
122121,14,122121,122121,122121,122121
122124,1,122124,122124,122124,122124
122125,19,122125,122125,122125,122125
122126,6,122126,122126,122126,122126
122521,12,122521,122521,122521,122521
122527,15,122527,122527,122527,122527
122916,2,122916,122916,122916,122916
135323,9,135323,135323,135323,135323
135324,8,135324,135324,135324,135324
135325,16,135325,135325,135325,135325
135326,18,135326,135326,135326,135326
135327,13,135327,135327,135327,135327
135328,23,135328,135328,135328,135328
136117,16,136117,136117,136117,136117
138138,17,138138,138138,138138,138138
138140,17,138140,138140,138140,138140
138536,12,138536,138536,138536,138536
139336,6,139336,139336,139336,139336
139337,18,139337,139337,139337,139337
139338,7,139338,139338,139338,139338
139339,17,139339,139339,139339,139339
139340,0,139340,139340,139340,139340
139747,12,139747,139747,139747,139747
139748,21,139748,139748,139748,139748
139749,12,139749,139749,139749,139749
139750,9,139750,139750,139750,139750
139751,17,139751,139751,139751,139751
139752,0,139752,139752,139752,139752
139753,22,139753,139753,139753,139753
140141,19,140141,140141,140141,140141
140142,7,140142,140142,140142,140142
140143,19,140143,140143,140143,140143
140144,18,140144,140144,140144,140144
140145,6,140145,140145,140145,140145
140146,15,140146,140146,140146,140146
140147,16,140147,140147,140147,140147
140948,14,140948,140948,140948,140948
140949,17,140949,140949,140949,140949
140950,5,140950,140950,140950,140950
140951,1,140951,140951,140951,140951
140952,5,140952,140952,140952,140952
141348,11,141348,141348,141348,141348
141349,5,141349,141349,141349,141349
141350,16,141350,141350,141350,141350
141351,14,141351,141351,141351,141351
142551,23,142551,142551,142551,142551
142552,2,142552,142552,142552,142552
142553,0,142553,142553,142553,142553
142554,19,142554,142554,142554,142554
142555,18,142555,142555,142555,142555
142556,12,142556,142556,142556,142556
142557,6,142557,142557,142557,142557
142558,18,142558,142558,142558,142558
142559,9,142559,142559,142559,142559
142948,18,142948,142948,142948,142948
142949,13,142949,142949,142949,142949
142950,10,142950,142950,142950,142950
142951,6,142951,142951,142951,142951
142952,16,142952,142952,142952,142952
142953,11,142953,142953,142953,142953
142954,7,142954,142954,142954,142954
142955,17,142955,142955,142955,142955
142956,9,142956,142956,142956,142956
143348,13,143348,143348,143348,143348
143349,16,143349,143349,143349,143349
143350,16,143350,143350,143350,143350
143351,8,143351,143351,143351,143351
143748,7,143748,143748,143748,143748
143749,5,143749,143749,143749,143749
144548,20,144548,144548,144548,144548
144549,15,144549,144549,144549,144549
147749,17,147749,147749,147749,147749
147750,1,147750,147750,147750,147750
148149,20,148149,148149,148149,148149
148150,6,148150,148150,148150,148150
148151,11,148151,148151,148151,148151
148152,14,148152,148152,148152,148152
148153,4,148153,148153,148153,148153
148154,7,148154,148154,148154,148154
148155,14,148155,148155,148155,148155
148156,5,148156,148156,148156,148156
148157,11,148157,148157,148157,148157
148158,8,148158,148158,148158,148158
148159,19,148159,148159,148159,148159
148160,2,148160,148160,148160,148160
148161,16,148161,148161,148161,148161
148162,6,148162,148162,148162,148162
150149,0,150149,150149,150149,150149
150150,17,150150,150150,150150,150150
150151,17,150151,150151,150151,150151
150152,4,150152,150152,150152,150152
150153,17,150153,150153,150153,150153
150154,0,150154,150154,150154,150154
150155,16,150155,150155,150155,150155
151349,14,151349,151349,151349,151349
151350,21,151350,151350,151350,151350
151351,18,151351,151351,151351,151351
151352,16,151352,151352,151352,151352
151353,13,151353,151353,151353,151353
151354,13,151354,151354,151354,151354
151355,17,151355,151355,151355,151355
151356,14,151356,151356,151356,151356
151357,3,151357,151357,151357,151357
151358,8,151358,151358,151358,151358
151359,7,151359,151359,151359,151359
154951,13,154951,154951,154951,154951
154952,16,154952,154952,154952,154952
154953,22,154953,154953,154953,154953
154954,10,154954,154954,154954,154954
154955,16,154955,154955,154955,154955
154956,14,154956,154956,154956,154956
154957,7,154957,154957,154957,154957
154958,7,154958,154958,154958,154958
154959,5,154959,154959,154959,154959
154961,8,154961,154961,154961,154961
158549,8,158549,158549,158549,158549
158550,5,158550,158550,158550,158550
158551,16,158551,158551,158551,158551
158552,8,158552,158552,158552,158552
159355,6,159355,159355,159355,159355
160154,6,160154,160154,160154,160154
160155,5,160155,160155,160155,160155
160549,6,160549,160549,160549,160549
160550,17,160550,160550,160550,160550
160986,9,160986,160986,160986,160986
160989,18,160989,160989,160989,160989
160993,12,160993,160993,160993,160993
160995,17,160995,160995,160995,160995
160997,21,160997,160997,160997,160997
160999,15,160999,160999,160999,160999
161000,10,161000,161000,161000,161000
161001,4,161001,161001,161001,161001
166950,17,166950,166950,166950,166950
166951,16,166951,166951,166951,166951
166952,20,166952,166952,166952,166952
166953,15,166953,166953,166953,166953
166954,0,166954,166954,166954,166954
166956,18,166956,166956,166956,166956
166957,20,166957,166957,166957,166957
166958,15,166958,166958,166958,166958
171350,7,171350,171350,171350,171350
171351,6,171351,171351,171351,171351
171352,3,171352,171352,171352,171352
171353,2,171353,171353,171353,171353
171354,1,171354,171354,171354,171354
171355,20,171355,171355,171355,171355
171356,11,171356,171356,171356,171356
171750,11,171750,171750,171750,171750
171752,17,171752,171752,171752,171752
171753,10,171753,171753,171753,171753
171755,4,171755,171755,171755,171755
171757,10,171757,171757,171757,171757
171758,15,171758,171758,171758,171758
171759,8,171759,171759,171759,171759
171773,14,171773,171773,171773,171773
172202,1,172202,172202,172202,172202
172204,17,172204,172204,172204,172204
172215,19,172215,172215,172215,172215
172217,20,172217,172217,172217,172217
172218,9,172218,172218,172218,172218
172219,8,172219,172219,172219,172219
172562,4,172562,172562,172562,172562
172564,6,172564,172564,172564,172564
172961,15,172961,172961,172961,172961
172962,19,172962,172962,172962,172962
172963,10,172963,172963,172963,172963
176973,7,176973,176973,176973,176973
176968,12,176968,176968,176968,176968
176969,16,176969,176969,176969,176969
176970,6,176970,176970,176970,176970
176971,14,176971,176971,176971,176971
176972,17,176972,176972,176972,176972
176974,19,176974,176974,176974,176974
176975,20,176975,176975,176975,176975
176976,18,176976,176976,176976,176976
176977,8,176977,176977,176977,176977
176978,22,176978,176978,176978,176978
176979,14,176979,176979,176979,176979
176980,16,176980,176980,176980,176980
177360,6,177360,177360,177360,177360
177361,22,177361,177361,177361,177361
177362,16,177362,177362,177362,177362
177364,17,177364,177364,177364,177364
177366,15,177366,177366,177366,177366
177367,17,177367,177367,177367,177367
177385,9,177385,177385,177385,177385
177386,11,177386,177386,177386,177386
177387,23,177387,177387,177387,177387
179364,18,179364,179364,179364,179364
179365,10,179365,179365,179365,179365
179366,6,179366,179366,179366,179366
179367,14,179367,179367,179367,179367
179781,18,179781,179781,179781,179781
179782,23,179782,179782,179782,179782
179783,14,179783,179783,179783,179783
179784,18,179784,179784,179784,179784
181760,6,181760,181760,181760,181760
185361,17,185361,185361,185361,185361
185761,21,185761,185761,185761,185761
185762,12,185762,185762,185762,185762
185763,16,185763,185763,185763,185763
185764,17,185764,185764,185764,185764
185765,22,185765,185765,185765,185765
185766,19,185766,185766,185766,185766
185767,8,185767,185767,185767,185767
186563,22,186563,186563,186563,186563
186564,12,186564,186564,186564,186564
186565,20,186565,186565,186565,186565
186566,8,186566,186566,186566,186566
187361,16,187361,187361,187361,187361
187782,9,187782,187782,187782,187782
187783,10,187783,187783,187783,187783
187784,0,187784,187784,187784,187784
188962,17,188962,188962,188962,188962
188963,11,188963,188963,188963,188963
188964,11,188964,188964,188964,188964
192167,5,192167,192167,192167,192167
192168,2,192168,192168,192168,192168
192169,17,192169,192169,192169,192169
192170,23,192170,192170,192170,192170
192171,4,192171,192171,192171,192171
192172,9,192172,192172,192172,192172
192173,17,192173,192173,192173,192173
192174,10,192174,192174,192174,192174
192175,6,192175,192175,192175,192175
192176,13,192176,192176,192176,192176
192177,17,192177,192177,192177,192177
192961,16,192961,192961,192961,192961
192962,11,192962,192962,192962,192962
192966,10,192966,192966,192966,192966
192967,18,192967,192967,192967,192967
192968,14,192968,192968,192968,192968
192969,23,192969,192969,192969,192969
192970,17,192970,192970,192970,192970
192971,18,192971,192971,192971,192971
192972,15,192972,192972,192972,192972
192973,17,192973,192973,192973,192973
192974,17,192974,192974,192974,192974
193362,6,193362,193362,193362,193362
193363,10,193363,193363,193363,193363
193364,15,193364,193364,193364,193364
193365,18,193365,193365,193365,193365
193366,4,193366,193366,193366,193366
193367,16,193367,193367,193367,193367
193369,9,193369,193369,193369,193369
193370,19,193370,193370,193370,193370
193375,15,193375,193375,193375,193375
193377,8,193377,193377,193377,193377
193762,12,193762,193762,193762,193762
193763,3,193763,193763,193763,193763
193764,15,193764,193764,193764,193764
193765,14,193765,193765,193765,193765
193766,0,193766,193766,193766,193766
194961,13,194961,194961,194961,194961
194962,7,194962,194962,194962,194962
195761,13,195761,195761,195761,195761
195762,13,195762,195762,195762,195762
199361,16,199361,199361,199361,199361
199362,9,199362,199362,199362,199362
200563,16,200563,200563,200563,200563
200567,21,200567,200567,200567,200567
200962,12,200962,200962,200962,200962
200963,8,200963,200963,200963,200963
200964,9,200964,200964,200964,200964
200967,9,200967,200967,200967,200967
201361,15,201361,201361,201361,201361
201362,17,201362,201362,201362,201362
201363,10,201363,201363,201363,201363
201364,7,201364,201364,201364,201364
201365,9,201365,201365,201365,201365
201367,8,201367,201367,201367,201367
201368,9,201368,201368,201368,201368
201369,12,201369,201369,201369,201369
201370,3,201370,201370,201370,201370
201371,14,201371,201371,201371,201371
201372,14,201372,201372,201372,201372
201373,11,201373,201373,201373,201373
201374,7,201374,201374,201374,201374
201375,11,201375,201375,201375,201375
201376,3,201376,201376,201376,201376
201377,9,201377,201377,201377,201377
201378,20,201378,201378,201378,201378
201379,15,201379,201379,201379,201379
201380,11,201380,201380,201380,201380
201381,15,201381,201381,201381,201381
201382,10,201382,201382,201382,201382
210570,15,210570,210570,210570,210570
212569,4,212569,212569,212569,212569
214175,10,214175,214175,214175,214175
214172,19,214172,214172,214172,214172
214174,5,214174,214174,214174,214174
214202,20,214202,214202,214202,214202
214569,13,214569,214569,214569,214569
214571,11,214571,214571,214571,214571
214573,12,214573,214573,214573,214573
214574,15,214574,214574,214574,214574
214575,11,214575,214575,214575,214575
214576,21,214576,214576,214576,214576
214581,3,214581,214581,214581,214581
214582,8,214582,214582,214582,214582
214584,18,214584,214584,214584,214584
214585,7,214585,214585,214585,214585
214587,16,214587,214587,214587,214587
214589,22,214589,214589,214589,214589
214591,4,214591,214591,214591,214591
214593,7,214593,214593,214593,214593
214596,15,214596,214596,214596,214596
214597,3,214597,214597,214597,214597
217779,1,217779,217779,217779,217779
217780,9,217780,217780,217780,217780
230607,12,230607,230607,230607,230607
230604,20,230604,230604,230604,230604
230605,11,230605,230605,230605,230605
230610,16,230610,230610,230610,230610
230612,1,230612,230612,230612,230612
230613,10,230613,230613,230613,230613
230614,0,230614,230614,230614,230614
230615,22,230615,230615,230615,230615
230616,5,230616,230616,230616,230616
230617,11,230617,230617,230617,230617
230618,16,230618,230618,230618,230618
230619,7,230619,230619,230619,230619
230622,14,230622,230622,230622,230622
230625,18,230625,230625,230625,230625
230627,21,230627,230627,230627,230627
241854,6,241854,241854,241854,241854
241855,15,241855,241855,241855,241855
241856,3,241856,241856,241856,241856
241857,13,241857,241857,241857,241857
241858,18,241858,241858,241858,241858
241859,8,241859,241859,241859,241859
242254,13,242254,242254,242254,242254
242255,9,242255,242255,242255,242255
242256,23,242256,242256,242256,242256
247054,9,247054,247054,247054,247054
247055,22,247055,247055,247055,247055
257467,12,257467,257467,257467,257467
257468,11,257468,257468,257468,257468
257469,12,257469,257469,257469,257469
257470,5,257470,257470,257470,257470
257471,1,257471,257471,257471,257471
257472,13,257472,257472,257472,257472
257473,17,257473,257473,257473,257473
257474,15,257474,257474,257474,257474
259875,16,259875,259875,259875,259875
259876,13,259876,259876,259876,259876
259877,15,259877,259877,259877,259877
259878,21,259878,259878,259878,259878
259879,22,259879,259879,259879,259879
259880,9,259880,259880,259880,259880
259881,8,259881,259881,259881,259881
261472,9,261472,261472,261472,261472
261473,7,261473,261473,261473,261473
261474,18,261474,261474,261474,261474
261475,17,261475,261475,261475,261475
261476,18,261476,261476,261476,261476
261867,7,261867,261867,261867,261867
261868,15,261868,261868,261868,261868
261869,8,261869,261869,261869,261869
261870,9,261870,261870,261870,261870
263071,5,263071,263071,263071,263071
263072,8,263072,263072,263072,263072
263073,18,263073,263073,263073,263073
263074,15,263074,263074,263074,263074
263075,19,263075,263075,263075,263075
263076,5,263076,263076,263076,263076
263077,12,263077,263077,263077,263077
263078,4,263078,263078,263078,263078
263079,7,263079,263079,263079,263079
263080,4,263080,263080,263080,263080
263081,17,263081,263081,263081,263081
263082,12,263082,263082,263082,263082
263083,14,263083,263083,263083,263083
263467,14,263467,263467,263467,263467
263468,14,263468,263468,263468,263468
263469,10,263469,263469,263469,263469
267867,14,267867,267867,267867,267867
269090,15,269090,269090,269090,269090
269093,14,269093,269093,269093,269093
269094,10,269094,269094,269094,269094
269095,18,269095,269095,269095,269095
269096,13,269096,269096,269096,269096
269097,20,269097,269097,269097,269097
271887,9,271887,271887,271887,271887
271888,23,271888,271888,271888,271888
271889,3,271889,271889,271889,271889
271890,5,271890,271890,271890,271890
271891,9,271891,271891,271891,271891
271892,16,271892,271892,271892,271892
271893,3,271893,271893,271893,271893
271894,10,271894,271894,271894,271894
271895,17,271895,271895,271895,271895
271896,15,271896,271896,271896,271896
271897,6,271897,271897,271897,271897
271898,17,271898,271898,271898,271898
271899,17,271899,271899,271899,271899
271900,14,271900,271900,271900,271900
271901,6,271901,271901,271901,271901
271902,17,271902,271902,271902,271902
271903,6,271903,271903,271903,271903
271904,8,271904,271904,271904,271904
272269,4,272269,272269,272269,272269
272270,20,272270,272270,272270,272270
272272,12,272272,272272,272272,272272
272273,23,272273,272273,272273,272273
272276,5,272276,272276,272276,272276
272278,1,272278,272278,272278,272278
272280,18,272280,272280,272280,272280
272284,19,272284,272284,272284,272284
272669,20,272669,272669,272669,272669
272671,16,272671,272671,272671,272671
272674,17,272674,272674,272674,272674
281868,7,281868,281868,281868,281868
282280,11,282280,282280,282280,282280
282667,15,282667,282667,282667,282667
282668,13,282668,282668,282668,282668
284667,19,284667,284667,284667,284667
284668,19,284668,284668,284668,284668
284669,6,284669,284669,284669,284669
284670,12,284670,284670,284670,284670
284671,3,284671,284671,284671,284671
284672,15,284672,284672,284672,284672
285487,11,285487,285487,285487,285487
285489,14,285489,285489,285489,285489
285490,10,285490,285490,285490,285490
285491,19,285491,285491,285491,285491
286277,11,286277,286277,286277,286277
286278,5,286278,286278,286278,286278
286279,17,286279,286279,286279,286279
286667,15,286667,286667,286667,286667
286668,6,286668,286668,286668,286668
286671,14,286671,286671,286671,286671
286672,17,286672,286672,286672,286672
286673,6,286673,286673,286673,286673
286674,13,286674,286674,286674,286674
287067,15,287067,287067,287067,287067
287068,17,287068,287068,287068,287068
287069,21,287069,287069,287069,287069
287070,15,287070,287070,287070,287070
289070,11,289070,289070,289070,289070
289071,5,289071,289071,289071,289071
289072,11,289072,289072,289072,289072
295067,13,295067,295067,295067,295067
295068,19,295068,295068,295068,295068
295069,18,295069,295069,295069,295069
296267,16,296267,296267,296267,296267
296268,6,296268,296268,296268,296268
296269,6,296269,296269,296269,296269
296270,20,296270,296270,296270,296270
296271,7,296271,296271,296271,296271
296272,19,296272,296272,296272,296272
296273,2,296273,296273,296273,296273
296274,11,296274,296274,296274,296274
296275,11,296275,296275,296275,296275
296276,4,296276,296276,296276,296276
296277,14,296277,296277,296277,296277
296278,16,296278,296278,296278,296278
296279,2,296279,296279,296279,296279
299878,19,299878,299878,299878,299878
302279,17,302279,302279,302279,302279
301470,17,301470,301470,301470,301470
301471,12,301471,301471,301471,301471
302278,2,302278,302278,302278,302278
305870,17,305870,305870,305870,305870
305872,17,305872,305872,305872,305872
305873,7,305873,305873,305873,305873
305874,21,305874,305874,305874,305874
305875,14,305875,305875,305875,305875
305876,6,305876,305876,305876,305876
306267,0,306267,306267,306267,306267
306667,19,306667,306667,306667,306667
306668,11,306668,306668,306668,306668
306669,14,306669,306669,306669,306669
306670,10,306670,306670,306670,306670
306671,15,306671,306671,306671,306671
307067,11,307067,307067,307067,307067
307068,12,307068,307068,307068,307068
307069,9,307069,307069,307069,307069
307469,18,307469,307469,307469,307469
307470,8,307470,307470,307470,307470
307471,18,307471,307471,307471,307471
307873,8,307873,307873,307873,307873
311073,10,311073,311073,311073,311073
311074,13,311074,311074,311074,311074
311473,18,311473,311473,311473,311473
311474,17,311474,311474,311474,311474
311475,15,311475,311475,311475,311475
311476,11,311476,311476,311476,311476
312673,17,312673,312673,312673,312673
313877,9,313877,313877,313877,313877
313880,6,313880,313880,313880,313880
313881,7,313881,313881,313881,313881
313882,15,313882,313882,313882,313882
313883,14,313883,313883,313883,313883
313884,9,313884,313884,313884,313884
313885,19,313885,313885,313885,313885
313886,18,313886,313886,313886,313886
313887,16,313887,313887,313887,313887
313888,17,313888,313888,313888,313888
314673,8,314673,314673,314673,314673
314674,13,314674,314674,314674,314674
314675,16,314675,314675,314675,314675
314676,21,314676,314676,314676,314676
314677,6,314677,314677,314677,314677
315083,17,315083,315083,315083,315083
315084,14,315084,315084,315084,315084
317877,5,317877,317877,317877,317877
321073,6,321073,321073,321073,321073
321074,17,321074,321074,321074,321074
321075,3,321075,321075,321075,321075
321076,10,321076,321076,321076,321076
321873,12,321873,321873,321873,321873
333494,8,333494,333494,333494,333494
333495,22,333495,333495,333495,333495
336683,8,336683,336683,336683,336683
337084,19,337084,337084,337084,337084
337484,15,337484,337484,337484,337484
340694,7,340694,340694,340694,340694
340695,11,340695,340695,340695,340695
340696,15,340696,340696,340696,340696
340697,12,340697,340697,340697,340697
340698,17,340698,340698,340698,340698
340701,6,340701,340701,340701,340701
341483,18,341483,341483,341483,341483
341484,15,341484,341484,341484,341484
341485,16,341485,341485,341485,341485
341486,3,341486,341486,341486,341486
341487,9,341487,341487,341487,341487
341488,5,341488,341488,341488,341488
343485,0,343485,343485,343485,343485
352297,20,352297,352297,352297,352297
352706,7,352706,352706,352706,352706
352707,19,352707,352707,352707,352707
353104,14,353104,353104,353104,353104
353105,12,353105,353105,353105,353105
353106,16,353106,353106,353106,353106
353107,18,353107,353107,353107,353107
353501,1,353501,353501,353501,353501
353502,12,353502,353502,353502,353502
353504,16,353504,353504,353504,353504
353505,15,353505,353505,353505,353505
353506,11,353506,353506,353506,353506
353508,12,353508,353508,353508,353508
353892,7,353892,353892,353892,353892
353894,3,353894,353894,353894,353894
355092,16,355092,355092,355092,355092
355093,9,355093,355093,355093,355093
355094,23,355094,355094,355094,355094
355095,16,355095,355095,355095,355095
355096,7,355096,355096,355096,355096
355492,7,355492,355492,355492,355492
363492,6,363492,363492,363492,363492
373492,7,373492,373492,373492,373492
379111,13,379111,379111,379111,379111
379112,0,379112,379112,379112,379112
379115,16,379115,379115,379115,379115
379517,6,379517,379517,379517,379517
381492,5,381492,381492,381492,381492
381493,20,381493,381493,381493,381493
381494,6,381494,381494,381494,381494
381495,19,381495,381495,381495,381495
381506,20,381506,381506,381506,381506
381892,16,381892,381892,381892,381892
381893,6,381893,381893,381893,381893
382292,18,382292,382292,382292,382292
382714,20,382714,382714,382714,382714
384294,6,384294,384294,384294,384294
384295,10,384295,384295,384295,384295
384296,3,384296,384296,384296,384296
384302,13,384302,384302,384302,384302
384694,5,384694,384694,384694,384694
384695,17,384695,384695,384695,384695
384696,15,384696,384696,384696,384696
384697,16,384697,384697,384697,384697
384698,14,384698,384698,384698,384698
384706,7,384706,384706,384706,384706
384707,21,384707,384707,384707,384707
384708,7,384708,384708,384708,384708
386692,21,386692,386692,386692,386692
391092,7,391092,391092,391092,391092
391093,12,391093,391093,391093,391093
391094,8,391094,391094,391094,391094
391095,8,391095,391095,391095,391095
391096,12,391096,391096,391096,391096
391097,16,391097,391097,391097,391097
391098,17,391098,391098,391098,391098
391492,12,391492,391492,391492,391492
391493,10,391493,391493,391493,391493
391494,9,391494,391494,391494,391494
391495,15,391495,391495,391495,391495
391496,8,391496,391496,391496,391496
391497,12,391497,391497,391497,391497
391498,7,391498,391498,391498,391498
402712,14,402712,402712,402712,402712
402713,14,402713,402713,402713,402713
402714,16,402714,402714,402714,402714
402715,13,402715,402715,402715,402715
402716,21,402716,402716,402716,402716
402717,10,402717,402717,402717,402717
402718,17,402718,402718,402718,402718
403098,13,403098,403098,403098,403098
403099,17,403099,403099,403099,403099
403100,9,403100,403100,403100,403100
403101,13,403101,403101,403101,403101
403102,2,403102,403102,403102,403102
403103,11,403103,403103,403103,403103
403104,7,403104,403104,403104,403104
403105,17,403105,403105,403105,403105
403106,9,403106,403106,403106,403106
404292,18,404292,404292,404292,404292
406305,7,406305,406305,406305,406305
406309,17,406309,406309,406309,406309
409113,15,409113,409113,409113,409113
409114,10,409114,409114,409114,409114
409115,17,409115,409115,409115,409115
409117,18,409117,409117,409117,409117
409119,7,409119,409119,409119,409119
409120,18,409120,409120,409120,409120
409122,23,409122,409122,409122,409122
409525,17,409525,409525,409525,409525
409516,2,409516,409516,409516,409516
409517,8,409517,409517,409517,409517
409518,8,409518,409518,409518,409518
409519,9,409519,409519,409519,409519
409522,17,409522,409522,409522,409522
409526,18,409526,409526,409526,409526
411899,4,411899,411899,411899,411899
411896,18,411896,411896,411896,411896
411897,7,411897,411897,411897,411897
411900,5,411900,411900,411900,411900
411901,20,411901,411901,411901,411901
412295,9,412295,412295,412295,412295
412296,16,412296,412296,412296,412296
412297,3,412297,412297,412297,412297
412298,15,412298,412298,412298,412298
412300,4,412300,412300,412300,412300
412301,20,412301,412301,412301,412301
412302,7,412302,412302,412302,412302
412304,19,412304,412304,412304,412304
421500,14,421500,421500,421500,421500
424707,9,424707,424707,424707,424707
425112,17,425112,425112,425112,425112
425492,18,425492,425492,425492,425492
427492,21,427492,427492,427492,427492
427493,11,427493,427493,427493,427493
427494,20,427494,427494,427494,427494
427495,11,427495,427495,427495,427495
427497,6,427497,427497,427497,427497
427500,15,427500,427500,427500,427500
427892,16,427892,427892,427892,427892
427893,15,427893,427893,427893,427893
427894,14,427894,427894,427894,427894
427896,14,427896,427896,427896,427896
429892,15,429892,429892,429892,429892
430694,4,430694,430694,430694,430694
430695,20,430695,430695,430695,430695
430696,15,430696,430696,430696,430696
430697,4,430697,430697,430697,430697
430698,3,430698,430698,430698,430698
431093,18,431093,431093,431093,431093
431094,20,431094,431094,431094,431094
431095,4,431095,431095,431095,431095
431096,13,431096,431096,431096,431096
431097,3,431097,431097,431097,431097
440294,10,440294,440294,440294,440294
440296,11,440296,440296,440296,440296
440297,11,440297,440297,440297,440297
440302,19,440302,440302,440302,440302
442301,10,442301,442301,442301,442301
440305,11,440305,440305,440305,440305
440307,21,440307,440307,440307,440307
440695,5,440695,440695,440695,440695
440697,18,440697,440697,440697,440697
440698,20,440698,440698,440698,440698
440699,13,440699,440699,440699,440699
440700,15,440700,440700,440700,440700
440701,10,440701,440701,440701,440701
440702,16,440702,440702,440702,440702
440703,6,440703,440703,440703,440703
440705,8,440705,440705,440705,440705
440706,11,440706,440706,440706,440706
440707,18,440707,440707,440707,440707
441099,12,441099,441099,441099,441099
441101,18,441101,441101,441101,441101
441103,17,441103,441103,441103,441103
441105,16,441105,441105,441105,441105
442700,19,442700,442700,442700,442700
443492,21,443492,443492,443492,443492
446303,15,446303,446303,446303,446303
446697,10,446697,446697,446697,446697
447095,15,447095,447095,447095,447095
447096,19,447096,447096,447096,447096
447097,21,447097,447097,447097,447097
447493,5,447493,447493,447493,447493
447895,16,447895,447895,447895,447895
447896,10,447896,447896,447896,447896
447897,15,447897,447897,447897,447897
447898,16,447898,447898,447898,447898
447899,6,447899,447899,447899,447899
447901,11,447901,447901,447901,447901
447902,6,447902,447902,447902,447902
448292,9,448292,448292,448292,448292
448296,15,448296,448296,448296,448296
448297,15,448297,448297,448297,448297
448301,2,448301,448301,448301,448301
448302,17,448302,448302,448302,448302
448303,14,448303,448303,448303,448303
448304,15,448304,448304,448304,448304
448306,5,448306,448306,448306,448306
457096,21,457096,457096,457096,457096
457098,18,457098,457098,457098,457098
457494,9,457494,457494,457494,457494
457495,14,457495,457495,457495,457495
457498,13,457498,457498,457498,457498
457501,8,457501,457501,457501,457501
458314,14,458314,458314,458314,458314
458707,10,458707,458707,458707,458707
458708,17,458708,458708,458708,458708
458709,10,458709,458709,458709,458709
458710,12,458710,458710,458710,458710
459112,10,459112,459112,459112,459112
459113,19,459113,459113,459113,459113
459114,18,459114,459114,459114,459114
459115,14,459115,459115,459115,459115
459494,9,459494,459494,459494,459494
459495,15,459495,459495,459495,459495
459496,13,459496,459496,459496,459496
459894,18,459894,459894,459894,459894
459895,3,459895,459895,459895,459895
459896,10,459896,459896,459896,459896
462704,17,462704,462704,462704,462704
462705,1,462705,462705,462705,462705
462706,8,462706,462706,462706,462706
462707,8,462707,462707,462707,462707
462708,18,462708,462708,462708,462708
462709,18,462709,462709,462709,462709
462710,3,462710,462710,462710,462710
462716,5,462716,462716,462716,462716
462718,12,462718,462718,462718,462718
462719,16,462719,462719,462719,462719
462720,21,462720,462720,462720,462720
463101,7,463101,463101,463101,463101
463102,13,463102,463102,463102,463102
463103,14,463103,463103,463103,463103
463104,19,463104,463104,463104,463104
463105,20,463105,463105,463105,463105
463106,7,463106,463106,463106,463106
463107,10,463107,463107,463107,463107
463108,19,463108,463108,463108,463108
463109,15,463109,463109,463109,463109
463110,7,463110,463110,463110,463110
463111,5,463111,463111,463111,463111
463113,5,463113,463113,463113,463113
463494,13,463494,463494,463494,463494
465503,21,465503,465503,465503,465503
469094,14,469094,469094,469094,469094
469097,4,469097,469097,469097,469097
469098,20,469098,469098,469098,469098
469100,9,469100,469100,469100,469100
469101,10,469101,469101,469101,469101
469103,10,469103,469103,469103,469103
469104,8,469104,469104,469104,469104
469494,11,469494,469494,469494,469494
470694,18,470694,470694,470694,470694
470695,22,470695,470695,470695,470695
470696,8,470696,470696,470696,470696
470697,16,470697,470697,470697,470697
470698,8,470698,470698,470698,470698
470699,6,470699,470699,470699,470699
470700,15,470700,470700,470700,470700
470701,7,470701,470701,470701,470701
470702,15,470702,470702,470702,470702
470703,7,470703,470703,470703,470703
470704,12,470704,470704,470704,470704
470706,15,470706,470706,470706,470706
470708,16,470708,470708,470708,470708
470709,19,470709,470709,470709,470709
470711,5,470711,470711,470711,470711
470712,18,470712,470712,470712,470712
470714,5,470714,470714,470714,470714
470722,14,470722,470722,470722,470722
471094,19,471094,471094,471094,471094
471095,16,471095,471095,471095,471095
471096,15,471096,471096,471096,471096
471097,16,471097,471097,471097,471097
471098,6,471098,471098,471098,471098
471099,17,471099,471099,471099,471099
471100,17,471100,471100,471100,471100
471101,7,471101,471101,471101,471101
471102,18,471102,471102,471102,471102
471103,18,471103,471103,471103,471103
471104,18,471104,471104,471104,471104
471109,11,471109,471109,471109,471109
471110,5,471110,471110,471110,471110
471112,15,471112,471112,471112,471112
471113,6,471113,471113,471113,471113
471114,15,471114,471114,471114,471114
471115,18,471115,471115,471115,471115
471120,17,471120,471120,471120,471120
471121,20,471121,471121,471121,471121
471122,16,471122,471122,471122,471122
472351,6,472351,472351,472351,472351
472352,7,472352,472352,472352,472352
472353,22,472353,472353,472353,472353
472354,22,472354,472354,472354,472354
472355,13,472355,472355,472355,472355
472356,2,472356,472356,472356,472356
472357,13,472357,472357,472357,472357
472358,15,472358,472358,472358,472358
472359,10,472359,472359,472359,472359
472369,10,472369,472369,472369,472369
472370,14,472370,472370,472370,472370
472372,6,472372,472372,472372,472372
472375,0,472375,472375,472375,472375
473500,16,473500,473500,473500,473500
473894,17,473894,473894,473894,473894
473895,9,473895,473895,473895,473895
473896,10,473896,473896,473896,473896
473897,12,473897,473897,473897,473897
473898,1,473898,473898,473898,473898
474294,19,474294,474294,474294,474294
474295,8,474295,474295,474295,474295
474296,16,474296,474296,474296,474296
474301,16,474301,474301,474301,474301
474302,7,474302,474302,474302,474302
474304,18,474304,474304,474304,474304
474307,12,474307,474307,474307,474307
474308,16,474308,474308,474308,474308
474695,15,474695,474695,474695,474695
474697,14,474697,474697,474697,474697
478694,10,478694,478694,478694,478694
479094,21,479094,479094,479094,479094
479097,11,479097,479097,479097,479097
479099,13,479099,479099,479099,479099
479102,14,479102,479102,479102,479102
479103,17,479103,479103,479103,479103
479104,9,479104,479104,479104,479104
479494,13,479494,479494,479494,479494
479495,17,479495,479495,479495,479495
479496,11,479496,479496,479496,479496
480294,20,480294,480294,480294,480294
480694,16,480694,480694,480694,480694
480695,18,480695,480695,480695,480695
480696,9,480696,480696,480696,480696
480698,12,480698,480698,480698,480698
481094,12,481094,481094,481094,481094
481095,7,481095,481095,481095,481095
481096,9,481096,481096,481096,481096
481098,17,481098,481098,481098,481098
482294,14,482294,482294,482294,482294
482295,17,482295,482295,482295,482295
482296,7,482296,482296,482296,482296
482297,23,482297,482297,482297,482297
482694,19,482694,482694,482694,482694
482695,2,482695,482695,482695,482695
482696,8,482696,482696,482696,482696
483096,20,483096,483096,483096,483096
483099,11,483099,483099,483099,483099
483100,19,483100,483100,483100,483100
483101,7,483101,483101,483101,483101
483494,16,483494,483494,483494,483494
483496,4,483496,483496,483496,483496
483497,10,483497,483497,483497,483497
483498,16,483498,483498,483498,483498
494704,11,494704,494704,494704,494704
496703,3,496703,496703,496703,496703
497103,16,497103,497103,497103,497103
497109,16,497109,497109,497109,497109
497110,20,497110,497110,497110,497110
497503,17,497503,497503,497503,497503
497506,16,497506,497506,497506,497506
497507,13,497507,497507,497507,497507
497508,16,497508,497508,497508,497508
497509,22,497509,497509,497509,497509
497510,16,497510,497510,497510,497510
497903,8,497903,497903,497903,497903
498704,0,498704,498704,498704,498704
498705,7,498705,498705,498705,498705
498706,18,498706,498706,498706,498706
499103,20,499103,499103,499103,499103
499503,21,499503,499503,499503,499503
499505,16,499505,499505,499505,499505
499506,20,499506,499506,499506,499506
499507,1,499507,499507,499507,499507
499509,16,499509,499509,499509,499509
499510,9,499510,499510,499510,499510
499511,6,499511,499511,499511,499511
499512,18,499512,499512,499512,499512
499908,9,499908,499908,499908,499908
499911,6,499911,499911,499911,499911
499912,16,499912,499912,499912,499912
505103,15,505103,505103,505103,505103
509903,13,509903,509903,509903,509903
509904,22,509904,509904,509904,509904
515904,22,515904,515904,515904,515904
515905,6,515905,515905,515905,515905
515906,13,515906,515906,515906,515906
515907,13,515907,515907,515907,515907
515908,15,515908,515908,515908,515908
515909,14,515909,515909,515909,515909
515910,12,515910,515910,515910,515910
515911,20,515911,515911,515911,515911
516708,19,516708,516708,516708,516708
516709,23,516709,516709,516709,516709
516710,23,516710,516710,516710,516710
516711,18,516711,516711,516711,516711
517103,11,517103,517103,517103,517103
517104,13,517104,517104,517104,517104
517106,13,517106,517106,517106,517106
517109,18,517109,517109,517109,517109
517110,17,517110,517110,517110,517110
517111,7,517111,517111,517111,517111
519106,10,519106,519106,519106,519106
519108,12,519108,519108,519108,519108
519503,15,519503,519503,519503,519503
519504,22,519504,519504,519504,519504
519506,13,519506,519506,519506,519506
519903,17,519903,519903,519903,519903
519904,15,519904,519904,519904,519904
522303,2,522303,522303,522303,522303
523103,7,523103,523103,523103,523103
523507,11,523507,523507,523507,523507
523905,15,523905,523905,523905,523905
523906,16,523906,523906,523906,523906
523907,9,523907,523907,523907,523907
523909,3,523909,523909,523909,523909
523910,12,523910,523910,523910,523910
523911,6,523911,523911,523911,523911
524306,3,524306,524306,524306,524306
524704,7,524704,524704,524704,524704
525103,10,525103,525103,525103,525103
529111,16,529111,529111,529111,529111
530304,15,530304,530304,530304,530304
530308,21,530308,530308,530308,530308
530310,17,530310,530310,530310,530310
530311,11,530311,530311,530311,530311
530708,17,530708,530708,530708,530708
533106,20,533106,533106,533106,533106
533903,3,533903,533903,533903,533903
534303,9,534303,534303,534303,534303
535104,9,535104,535104,535104,535104
539103,14,539103,539103,539103,539103
539104,7,539104,539104,539104,539104
539105,9,539105,539105,539105,539105
539106,9,539106,539106,539106,539106
539107,12,539107,539107,539107,539107
539108,16,539108,539108,539108,539108
539504,15,539504,539504,539504,539504
539505,16,539505,539505,539505,539505
539506,17,539506,539506,539506,539506
539507,8,539507,539507,539507,539507
539508,14,539508,539508,539508,539508
539509,15,539509,539509,539509,539509
539510,11,539510,539510,539510,539510
539511,13,539511,539511,539511,539511
548303,18,548303,548303,548303,548303
549103,8,549103,549103,549103,549103
549104,8,549104,549104,549104,549104
549105,4,549105,549105,549105,549105
549106,13,549106,549106,549106,549106
549107,16,549107,549107,549107,549107
549109,5,549109,549109,549109,549109
549110,8,549110,549110,549110,549110
549111,12,549111,549111,549111,549111
549112,11,549112,549112,549112,549112
549505,6,549505,549505,549505,549505
549507,14,549507,549507,549507,549507
549509,13,549509,549509,549509,549509
549510,17,549510,549510,549510,549510
554703,18,554703,554703,554703,554703
556306,3,556306,556306,556306,556306
557503,20,557503,557503,557503,557503
557504,3,557504,557504,557504,557504
557505,18,557505,557505,557505,557505
557506,1,557506,557506,557506,557506
557507,3,557507,557507,557507,557507
557903,8,557903,557903,557903,557903
557904,15,557904,557904,557904,557904
557905,15,557905,557905,557905,557905
557907,18,557907,557907,557907,557907
557909,14,557909,557909,557909,557909
557910,18,557910,557910,557910,557910
557913,11,557913,557913,557913,557913
557916,15,557916,557916,557916,557916
558304,14,558304,558304,558304,558304
558305,15,558305,558305,558305,558305
558308,9,558308,558308,558308,558308
558309,16,558309,558309,558309,558309
558311,3,558311,558311,558311,558311
558313,6,558313,558313,558313,558313
558315,3,558315,558315,558315,558315
565917,23,565917,565917,565917,565917
563904,21,563904,563904,563904,563904
563905,0,563905,563905,563905,563905
565906,7,565906,565906,565906,565906
565907,12,565907,565907,565907,565907
565908,12,565908,565908,565908,565908
565909,20,565909,565909,565909,565909
565910,15,565910,565910,565910,565910
565911,19,565911,565911,565911,565911
565912,3,565912,565912,565912,565912
565913,16,565913,565913,565913,565913
565914,16,565914,565914,565914,565914
565915,19,565915,565915,565915,565915
565916,22,565916,565916,565916,565916
